ID,quarter,department,day,targeted_productivity,smv,wip,over_time,incentive,idle_time,idle_men,no_of_style_change,no_of_workers,actual_productivity
TRAIN_0000,Quarter1,sweing,Thursday,0.8,26.16,1108,0.27315,98,0,0,0,59,0.94073
TRAIN_0001,Quarter1,finishing,Thursday,0.75,3.94,1190,0.03704,0,0,0,0,8,0.8865
TRAIN_0002,Quarter1,sweing,Thursday,0.8,11.41,968,0.1412,50,0,0,0,30,0.80057
TRAIN_0003,Quarter1,sweing,Thursday,0.8,11.41,968,0.1412,50,0,0,0,30,0.80057
TRAIN_0004,Quarter1,sweing,Thursday,0.8,25.9,1170,0.07407,50,0,0,0,56,0.80038
TRAIN_0005,Quarter1,sweing,Thursday,0.8,25.9,984,0.25926,38,0,0,0,56,0.80012
TRAIN_0006,Quarter1,finishing,Thursday,0.75,3.94,1190,0.03704,0,0,0,0,8,0.75517
TRAIN_0007,Quarter1,sweing,Thursday,0.75,28.08,795,0.2662,45,0,0,0,57,0.75368
TRAIN_0008,Quarter1,sweing,Thursday,0.75,19.87,733,0.23148,34,0,0,0,55,0.7531
TRAIN_0009,Quarter1,sweing,Thursday,0.75,28.08,681,0.2662,45,0,0,0,57,0.75043
TRAIN_0010,Quarter1,sweing,Thursday,0.7,28.08,872,0.2662,44,0,0,0,57,0.72113
TRAIN_0011,Quarter1,sweing,Thursday,0.75,19.31,578,0.25,45,0,0,0,54,0.71221
TRAIN_0012,Quarter1,sweing,Thursday,0.8,11.41,668,0.1412,50,0,0,0,30,0.70705
TRAIN_0013,Quarter1,finishing,Thursday,0.65,3.94,1190,0.03704,0,0,0,0,8,0.70592
TRAIN_0014,Quarter1,finishing,Thursday,0.75,2.9,1190,0.03704,0,0,0,0,8,0.67667
TRAIN_0015,Quarter1,finishing,Thursday,0.75,3.94,1190,0.08333,0,0,0,0,18,0.59306
TRAIN_0016,Quarter1,finishing,Thursday,0.8,2.9,1190,0.03704,0,0,0,0,8,0.54073
TRAIN_0017,Quarter1,sweing,Thursday,0.65,23.69,861,0.27778,0,0,0,0,60,0.52118
TRAIN_0018,Quarter1,finishing,Thursday,0.7,4.15,1190,0.05556,0,0,0,0,12,0.43633
TRAIN_0019,Quarter1,finishing,Saturday,0.8,4.15,1190,0.25463,0,0,0,0,20,0.98802
TRAIN_0020,Quarter1,finishing,Saturday,0.75,2.9,1190,0.21759,0,0,0,0,17,0.98788
TRAIN_0021,Quarter1,finishing,Saturday,0.8,4.15,1190,0.03704,0,0,0,0,8,0.95627
TRAIN_0022,Quarter1,finishing,Saturday,0.75,3.94,1190,0.06019,0,0,0,0,8,0.94528
TRAIN_0023,Quarter1,finishing,Saturday,0.8,3.94,1190,0.03704,0,0,0,0,8,0.90292
TRAIN_0024,Quarter1,sweing,Saturday,0.8,28.08,772,0.24306,50,0,0,0,56,0.80073
TRAIN_0025,Quarter1,sweing,Saturday,0.8,28.08,913,0.25231,50,0,0,0,54,0.80032
TRAIN_0026,Quarter1,sweing,Saturday,0.8,26.16,1261,0.27315,50,0,0,0,59,0.80032
TRAIN_0027,Quarter1,sweing,Saturday,0.8,26.16,844,0.27315,63,0,0,0,59,0.80032
TRAIN_0028,Quarter1,sweing,Saturday,0.8,11.61,1005,0.27315,50,0,0,0,29,0.80024
TRAIN_0029,Quarter1,sweing,Saturday,0.8,11.61,659,0.27315,50,0,0,0,31,0.80015
TRAIN_0030,Quarter1,sweing,Saturday,0.8,25.9,1152,0.25926,50,0,0,0,56,0.80012
TRAIN_0031,Quarter1,sweing,Saturday,0.8,25.9,1138,0.25926,38,0,0,0,56,0.80012
TRAIN_0032,Quarter1,sweing,Saturday,0.75,19.31,610,0.25,56,0,0,0,54,0.7873
TRAIN_0033,Quarter1,finishing,Saturday,0.8,4.15,1190,0.03704,0,0,0,0,8,0.78245
TRAIN_0034,Quarter1,sweing,Saturday,0.75,19.87,944,0.25463,45,0,0,0,55,0.75024
TRAIN_0035,Quarter1,finishing,Saturday,0.7,4.15,1190,0.03704,0,0,0,0,8,0.70181
TRAIN_0036,Quarter1,sweing,Saturday,0.7,23.69,544,0.53241,0,0,0,0,60,0.70013
TRAIN_0037,Quarter1,sweing,Saturday,0.7,28.08,1072,0.2662,40,0,0,0,57,0.69997
TRAIN_0038,Quarter1,finishing,Saturday,0.8,2.9,1190,0.03704,0,0,0,0,8,0.62833
TRAIN_0039,Quarter1,finishing,Saturday,0.8,3.94,1190,0.03704,0,0,0,0,8,0.62531
TRAIN_0040,Quarter1,finishing,Sunday,0.75,4.15,1190,0.06019,0,0,0,0,8,0.99139
TRAIN_0041,Quarter1,finishing,Sunday,0.8,3.94,1190,0.03704,0,0,0,0,8,0.93165
TRAIN_0042,Quarter1,finishing,Sunday,0.8,3.94,1190,0.03704,0,0,0,0,8,0.91523
TRAIN_0043,Quarter1,sweing,Sunday,0.8,11.61,539,0.2691,50,0,0,0,31,0.87971
TRAIN_0044,Quarter1,finishing,Sunday,0.8,3.94,1190,0.25463,0,0,0,0,20,0.86168
TRAIN_0045,Quarter1,sweing,Sunday,0.8,26.16,1278,0.27315,60,0,0,0,59,0.85057
TRAIN_0046,Quarter1,sweing,Sunday,0.8,25.9,1227,0.27083,60,0,0,0,56,0.85044
TRAIN_0047,Quarter1,sweing,Sunday,0.8,25.9,1039,0.26157,45,0,0,0,56,0.85035
TRAIN_0048,Quarter1,sweing,Sunday,0.8,28.08,878,0.16435,50,0,0,0,55,0.8006
TRAIN_0049,Quarter1,sweing,Sunday,0.8,26.16,1033,0.27315,63,0,0,0,59,0.80032
TRAIN_0050,Quarter1,sweing,Sunday,0.8,28.08,782,0.25694,50,0,0,0,55,0.80024
TRAIN_0051,Quarter1,sweing,Sunday,0.8,11.61,1216,0.2691,50,0,0,0,31,0.80003
TRAIN_0052,Quarter1,finishing,Sunday,0.8,3.94,1190,0.03704,0,0,0,0,8,0.7921
TRAIN_0053,Quarter1,finishing,Sunday,0.7,3.94,1190,0.16667,0,0,0,0,18,0.75923
TRAIN_0054,Quarter1,sweing,Sunday,0.75,19.31,513,0.25,45,0,0,0,54,0.75035
TRAIN_0055,Quarter1,sweing,Sunday,0.75,19.87,734,0.25463,45,0,0,0,55,0.75024
TRAIN_0056,Quarter1,sweing,Sunday,0.7,28.08,1202,0.2662,40,0,0,0,57,0.69997
TRAIN_0057,Quarter1,finishing,Sunday,0.8,2.9,1190,0.03704,0,0,0,0,8,0.68271
TRAIN_0058,Quarter1,finishing,Sunday,0.8,2.9,1190,0.03704,0,0,0,0,8,0.6676
TRAIN_0059,Quarter1,sweing,Sunday,0.7,45.67,884,0.26852,26,0,0,0,58,0.60343
TRAIN_0060,Quarter1,finishing,Sunday,0.75,4.15,1190,0.03704,0,0,0,0,8,0.34583
TRAIN_0061,Quarter1,finishing,Monday,0.8,3.94,1190,0.07407,0,0,0,0,8,0.96106
TRAIN_0062,Quarter1,finishing,Monday,0.8,3.94,1190,0.09259,0,0,0,0,10,0.93951
TRAIN_0063,Quarter1,finishing,Monday,0.8,3.94,1190,0.14815,0,0,0,0,16,0.89366
TRAIN_0064,Quarter1,finishing,Monday,0.75,4.15,1190,0.07407,0,0,0,0,8,0.87539
TRAIN_0065,Quarter1,sweing,Monday,0.8,26.16,1227,0.27315,75,0,0,0,59,0.85057
TRAIN_0066,Quarter1,finishing,Monday,0.8,2.9,1190,0.07407,0,0,0,0,8,0.82083
TRAIN_0067,Quarter1,finishing,Monday,0.8,3.94,1190,0.03704,0,0,0,0,8,0.80442
TRAIN_0068,Quarter1,sweing,Monday,0.8,25.9,1255,0.26157,50,0,0,0,56,0.80068
TRAIN_0069,Quarter1,sweing,Monday,0.8,25.9,1047,0.26157,38,0,0,0,56,0.80068
TRAIN_0070,Quarter1,sweing,Monday,0.8,26.16,1138,0.27315,63,0,0,0,59,0.80032
TRAIN_0071,Quarter1,sweing,Monday,0.8,19.31,678,0.18519,50,0,0,0,55,0.80025
TRAIN_0072,Quarter1,sweing,Monday,0.8,11.61,712,0.27778,50,0,0,0,32,0.80025
TRAIN_0073,Quarter1,sweing,Monday,0.8,11.61,1037,0.27778,50,0,0,0,32,0.80025
TRAIN_0074,Quarter1,sweing,Monday,0.8,28.08,757,0.2662,50,0,0,0,57,0.80008
TRAIN_0075,Quarter1,sweing,Monday,0.8,28.08,759,0.2662,50,0,0,0,57,0.80008
TRAIN_0076,Quarter1,finishing,Monday,0.75,2.9,1190,0.03704,0,0,0,0,8,0.76338
TRAIN_0077,Quarter1,finishing,Monday,0.6,2.9,1190,0.03704,0,0,0,0,8,0.75927
TRAIN_0078,Quarter1,sweing,Monday,0.75,28.08,1083,0.27083,45,0,0,0,58,0.7504
TRAIN_0079,Quarter1,sweing,Monday,0.75,19.87,944,0.25463,45,0,0,0,55,0.75024
TRAIN_0080,Quarter1,finishing,Monday,0.8,3.94,1190,0.03704,0,0,0,0,8,0.67667
TRAIN_0081,Quarter1,finishing,Monday,0.8,2.9,1190,0.03704,0,0,0,0,8,0.66458
TRAIN_0082,Quarter1,sweing,Monday,0.6,21.98,666,0.26852,23,0,0,0,58,0.60003
TRAIN_0083,Quarter1,finishing,Tuesday,0.8,3.94,1190,0.1713,0,0,0,0,18,0.96678
TRAIN_0084,Quarter1,finishing,Tuesday,0.8,3.94,1190,0.05556,0,0,0,0,8,0.9365
TRAIN_0085,Quarter1,finishing,Tuesday,0.75,4.15,1190,0.06944,0,0,0,0,10,0.89917
TRAIN_0086,Quarter1,finishing,Tuesday,0.8,4.15,1190,0.10417,0,0,0,0,15,0.88869
TRAIN_0087,Quarter1,finishing,Tuesday,0.8,3.94,1190,0.05556,0,0,0,0,8,0.85814
TRAIN_0088,Quarter1,sweing,Tuesday,0.8,26.16,1187,0.40972,75,0,0,0,59,0.8505
TRAIN_0089,Quarter1,sweing,Tuesday,0.8,26.16,1305,0.40972,75,0,0,0,59,0.8505
TRAIN_0090,Quarter1,finishing,Tuesday,0.75,3.94,1190,0.05556,0,0,0,0,8,0.80964
TRAIN_0091,Quarter1,finishing,Tuesday,0.8,3.94,1190,0.05556,0,0,0,0,8,0.80591
TRAIN_0092,Quarter1,sweing,Tuesday,0.8,28.08,716,0.39931,50,0,0,0,57,0.80059
TRAIN_0093,Quarter1,sweing,Tuesday,0.8,28.08,925,0.39931,50,0,0,0,57,0.80059
TRAIN_0094,Quarter1,sweing,Tuesday,0.8,19.87,963,0.38194,50,0,0,0,55,0.80027
TRAIN_0095,Quarter1,sweing,Tuesday,0.8,11.61,1101,0.20486,50,0,0,0,31,0.80014
TRAIN_0096,Quarter1,sweing,Tuesday,0.8,25.9,1035,0.39236,38,0,0,0,56,0.80013
TRAIN_0097,Quarter1,sweing,Tuesday,0.8,25.9,1083,0.39236,38,0,0,0,56,0.80013
TRAIN_0098,Quarter1,sweing,Tuesday,0.8,11.61,910,0.17245,38,0,0,0,31,0.80008
TRAIN_0099,Quarter1,sweing,Tuesday,0.75,28.08,1209,0.40625,45,0,0,0,58,0.75055
TRAIN_0100,Quarter1,sweing,Tuesday,0.75,19.31,590,0.38194,45,0,0,0,55,0.75006
TRAIN_0101,Quarter1,finishing,Tuesday,0.8,2.9,1190,0.05556,0,0,0,0,8,0.68106
TRAIN_0102,Quarter1,sweing,Tuesday,0.65,21.98,808,0.40278,35,0,0,0,58,0.64998
TRAIN_0103,Quarter1,finishing,Tuesday,0.8,2.9,1190,0.05556,0,0,0,0,8,0.61625
TRAIN_0104,Quarter1,finishing,Wednesday,0.8,3.94,1190,0.05556,0,0,0,0,8,0.95142
TRAIN_0105,Quarter1,finishing,Wednesday,0.8,3.94,1190,0.05556,0,0,0,0,8,0.88053
TRAIN_0106,Quarter1,sweing,Wednesday,0.8,26.16,1179,0.40972,75,0,0,0,59,0.8505
TRAIN_0107,Quarter1,sweing,Wednesday,0.8,26.16,1324,0.40972,75,0,0,0,59,0.8505
TRAIN_0108,Quarter1,sweing,Wednesday,0.8,25.9,1135,0.39236,60,0,0,0,56,0.85014
TRAIN_0109,Quarter1,finishing,Wednesday,0.75,4.15,1190,0.10417,0,0,0,0,15,0.83
TRAIN_0110,Quarter1,finishing,Wednesday,0.8,3.94,1190,0.1713,0,0,0,0,18,0.82719
TRAIN_0111,Quarter1,finishing,Wednesday,0.8,3.94,1190,0.05556,0,0,0,0,8,0.81337
TRAIN_0112,Quarter1,finishing,Wednesday,0.75,3.94,1190,0.05556,0,0,0,0,8,0.80591
TRAIN_0113,Quarter1,finishing,Wednesday,0.8,2.9,1190,0.05556,0,0,0,0,8,0.80464
TRAIN_0114,Quarter1,sweing,Wednesday,0.8,28.08,776,0.39931,63,0,0,0,57,0.80059
TRAIN_0115,Quarter1,sweing,Wednesday,0.8,28.08,990,0.39931,50,0,0,0,57,0.80059
TRAIN_0116,Quarter1,sweing,Wednesday,0.8,11.41,986,0.21181,50,0,0,0,30,0.80034
TRAIN_0117,Quarter1,sweing,Wednesday,0.8,19.87,924,0.38194,50,0,0,0,55,0.80027
TRAIN_0118,Quarter1,sweing,Wednesday,0.8,11.61,1120,0.21875,50,0,0,0,31,0.80025
TRAIN_0119,Quarter1,sweing,Wednesday,0.8,25.9,1066,0.39236,50,0,0,0,56,0.80013
TRAIN_0120,Quarter1,sweing,Wednesday,0.75,28.08,1144,0.40625,69,0,0,0,58,0.8
TRAIN_0121,Quarter1,sweing,Wednesday,0.7,21.98,413,0.375,40,0,0,0,58,0.70048
TRAIN_0122,Quarter1,finishing,Wednesday,0.8,2.9,1190,0.05556,0,0,0,0,8,0.68106
TRAIN_0123,Quarter1,finishing,Wednesday,0.8,2.9,1190,0.06944,0,0,0,0,10,0.66652
TRAIN_0124,Quarter1,sweing,Wednesday,0.8,31.83,568,0.38194,40,0,0,0,55,0.41212
TRAIN_0125,Quarter1,finishing,Wednesday,0.7,4.15,1190,0.05556,0,0,0,0,8,0.33011
TRAIN_0126,Quarter2,finishing,Thursday,0.8,3.94,1190,0.05556,0,0,0,0,8,0.94769
TRAIN_0127,Quarter2,finishing,Thursday,0.8,3.94,1190,0.48611,0,0,0,0,20,0.91991
TRAIN_0128,Quarter2,sweing,Thursday,0.8,26.16,1216,0.40972,88,0,0,0,59,0.90022
TRAIN_0129,Quarter2,finishing,Thursday,0.8,3.94,1190,0.05556,0,0,0,0,8,0.89172
TRAIN_0130,Quarter2,sweing,Thursday,0.8,26.16,1189,0.40972,75,0,0,0,59,0.8505
TRAIN_0131,Quarter2,sweing,Thursday,0.8,28.08,942,0.40625,75,0,0,0,58,0.85018
TRAIN_0132,Quarter2,sweing,Thursday,0.8,25.9,1050,0.39236,60,0,0,0,56,0.85014
TRAIN_0133,Quarter2,sweing,Thursday,0.8,25.9,1026,0.39236,60,0,0,0,56,0.85014
TRAIN_0134,Quarter2,finishing,Thursday,0.8,3.94,1190,0.05556,0,0,0,0,8,0.83576
TRAIN_0135,Quarter2,finishing,Thursday,0.7,4.15,1190,0.14815,0,0,0,0,8,0.82135
TRAIN_0136,Quarter2,sweing,Thursday,0.8,28.08,783,0.38773,63,0,0,0,58,0.8005
TRAIN_0137,Quarter2,sweing,Thursday,0.8,19.87,857,0.38194,50,0,0,0,55,0.80027
TRAIN_0138,Quarter2,sweing,Thursday,0.8,11.61,548,0.58333,63,0,0,0,31,0.80011
TRAIN_0139,Quarter2,sweing,Thursday,0.8,11.41,411,0.56481,50,0,0,0,30,0.80002
TRAIN_0140,Quarter2,sweing,Thursday,0.75,28.08,1066,0.40625,69,0,0,0,58,0.8
TRAIN_0141,Quarter2,finishing,Thursday,0.75,3.94,1190,0.05556,0,0,0,0,8,0.77979
TRAIN_0142,Quarter2,finishing,Thursday,0.8,2.9,1190,0.05556,0,0,0,0,8,0.73598
TRAIN_0143,Quarter2,finishing,Thursday,0.75,4.15,1190,0.08333,0,0,0,0,12,0.71263
TRAIN_0144,Quarter2,finishing,Thursday,0.8,2.9,1190,0.05556,0,0,0,0,8,0.68106
TRAIN_0145,Quarter2,finishing,Thursday,0.8,4.15,1190,0.03472,0,0,0,0,5,0.51561
TRAIN_0146,Quarter2,sweing,Thursday,0.35,12.52,287,1.0,38,0,0,0,54,0.34995
TRAIN_0147,Quarter2,sweing,Thursday,0.7,42.41,724,0.39583,0,0,0,0,57,0.23371
TRAIN_0148,Quarter2,finishing,Saturday,0.8,3.94,1190,0.08333,0,0,0,0,8,0.985
TRAIN_0149,Quarter2,finishing,Saturday,0.75,4.15,1190,0.10648,0,0,0,0,12,0.93034
TRAIN_0150,Quarter2,finishing,Saturday,0.8,3.94,1190,0.23148,0,0,0,0,20,0.91159
TRAIN_0151,Quarter2,finishing,Saturday,0.8,3.94,1190,0.05556,0,0,0,0,8,0.85814
TRAIN_0152,Quarter2,sweing,Saturday,0.8,26.16,1122,0.40972,75,0,0,0,59,0.85117
TRAIN_0153,Quarter2,sweing,Saturday,0.8,25.9,970,0.39236,60,0,0,0,56,0.85014
TRAIN_0154,Quarter2,sweing,Saturday,0.8,25.9,1158,0.39236,60,0,0,0,56,0.85014
TRAIN_0155,Quarter2,finishing,Saturday,0.8,3.94,1190,0.05556,0,0,0,0,8,0.84695
TRAIN_0156,Quarter2,finishing,Saturday,0.8,4.15,1190,0.05556,0,0,0,0,8,0.81742
TRAIN_0157,Quarter2,finishing,Saturday,0.8,3.94,1190,0.05556,0,0,0,0,8,0.8171
TRAIN_0158,Quarter2,sweing,Saturday,0.8,28.08,660,0.40278,63,0,0,0,58,0.80103
TRAIN_0159,Quarter2,sweing,Saturday,0.8,28.08,749,0.39931,63,0,0,0,57,0.80059
TRAIN_0160,Quarter2,sweing,Saturday,0.8,11.61,893,0.18171,50,0,0,0,31,0.80035
TRAIN_0161,Quarter2,sweing,Saturday,0.8,11.41,887,0.21181,50,0,0,0,30,0.80034
TRAIN_0162,Quarter2,sweing,Saturday,0.8,26.16,1335,0.40972,63,0,0,0,59,0.80012
TRAIN_0163,Quarter2,sweing,Saturday,0.8,28.08,1082,0.40625,63,0,0,0,58,0.8
TRAIN_0164,Quarter2,sweing,Saturday,0.75,19.87,1075,0.27315,45,0,0,0,56,0.7501
TRAIN_0165,Quarter2,sweing,Saturday,0.5,12.52,749,0.36806,38,0,0,0,53,0.67325
TRAIN_0166,Quarter2,finishing,Saturday,0.8,2.9,1190,0.05556,0,0,0,0,8,0.67008
TRAIN_0167,Quarter2,finishing,Saturday,0.8,2.9,1190,0.05556,0,0,0,0,8,0.62888
TRAIN_0168,Quarter2,sweing,Saturday,0.5,20.79,966,0.2963,0,0,0,0,56,0.38801
TRAIN_0169,Quarter2,finishing,Saturday,0.5,4.15,1190,0.05556,0,0,0,0,8,0.33797
TRAIN_0170,Quarter2,finishing,Sunday,0.75,4.15,1190,0.05556,0,0,0,0,8,0.93532
TRAIN_0171,Quarter2,finishing,Sunday,0.8,3.94,1190,0.13889,0,0,0,0,20,0.92564
TRAIN_0172,Quarter2,sweing,Sunday,0.8,26.16,1095,0.40972,88,0,0,0,59,0.90022
TRAIN_0173,Quarter2,finishing,Sunday,0.8,3.94,1190,0.05556,0,0,0,0,8,0.87307
TRAIN_0174,Quarter2,finishing,Sunday,0.8,3.94,1190,0.05556,0,0,0,0,8,0.85814
TRAIN_0175,Quarter2,sweing,Sunday,0.8,26.16,1383,0.40972,75,0,0,0,59,0.8505
TRAIN_0176,Quarter2,sweing,Sunday,0.8,25.9,1012,0.39236,45,0,0,0,56,0.85014
TRAIN_0177,Quarter2,sweing,Sunday,0.8,25.9,1209,0.39236,60,0,0,0,56,0.85014
TRAIN_0178,Quarter2,finishing,Sunday,0.8,3.94,1190,0.05556,0,0,0,0,8,0.8283
TRAIN_0179,Quarter2,finishing,Sunday,0.8,3.94,1190,0.05556,0,0,0,0,8,0.82083
TRAIN_0180,Quarter2,sweing,Sunday,0.8,11.41,887,0.21181,50,0,0,0,30,0.80034
TRAIN_0181,Quarter2,sweing,Sunday,0.8,11.61,896,0.21875,50,0,0,0,31,0.80025
TRAIN_0182,Quarter2,sweing,Sunday,0.8,28.08,805,0.40625,63,0,0,0,58,0.8
TRAIN_0183,Quarter2,sweing,Sunday,0.8,28.08,762,0.40625,38,0,0,0,58,0.8
TRAIN_0184,Quarter2,sweing,Sunday,0.8,19.87,1043,0.24769,0,0,0,0,55,0.69018
TRAIN_0185,Quarter2,finishing,Sunday,0.8,4.15,1190,0.05556,0,0,0,0,8,0.66809
TRAIN_0186,Quarter2,finishing,Sunday,0.8,2.9,1190,0.05556,0,0,0,0,8,0.6536
TRAIN_0187,Quarter2,finishing,Sunday,0.5,4.15,1190,0.05556,0,0,0,0,8,0.60914
TRAIN_0188,Quarter2,sweing,Sunday,0.6,12.52,831,0.36806,30,0,0,0,53,0.60023
TRAIN_0189,Quarter2,finishing,Sunday,0.8,2.9,1190,0.05556,0,0,0,0,8,0.59735
TRAIN_0190,Quarter2,finishing,Sunday,0.8,2.9,1190,0.05556,0,0,0,0,8,0.59044
TRAIN_0191,Quarter2,sweing,Sunday,0.8,50.48,562,0.40278,0,0,0,0,58,0.47313
TRAIN_0192,Quarter2,sweing,Sunday,0.6,20.79,1208,0.30787,0,0,0,0,57,0.45298
TRAIN_0193,Quarter2,finishing,Monday,0.8,3.94,1190,0.05556,0,0,0,0,8,0.95515
TRAIN_0194,Quarter2,finishing,Monday,0.35,4.3,1190,0.125,0,0,0,0,18,0.94221
TRAIN_0195,Quarter2,finishing,Monday,0.8,4.15,1190,0.06944,0,0,0,0,10,0.90545
TRAIN_0196,Quarter2,finishing,Monday,0.8,3.94,1190,0.05556,0,0,0,0,8,0.88053
TRAIN_0197,Quarter2,finishing,Monday,0.8,3.94,1190,0.05556,0,0,0,0,8,0.85814
TRAIN_0198,Quarter2,sweing,Monday,0.8,26.16,1099,0.31713,75,0,0,0,59,0.85052
TRAIN_0199,Quarter2,sweing,Monday,0.8,26.16,1093,0.40972,75,0,0,0,59,0.8505
TRAIN_0200,Quarter2,sweing,Monday,0.8,25.9,1031,0.39236,60,0,0,0,56,0.85014
TRAIN_0201,Quarter2,sweing,Monday,0.8,25.9,1233,0.39236,60,0,0,0,56,0.85014
TRAIN_0202,Quarter2,finishing,Monday,0.8,2.9,1190,0.05556,0,0,0,0,8,0.81742
TRAIN_0203,Quarter2,finishing,Monday,0.65,4.15,1190,0.05556,0,0,0,0,8,0.80956
TRAIN_0204,Quarter2,sweing,Monday,0.8,19.87,941,0.38194,0,0,0,0,55,0.80027
TRAIN_0205,Quarter2,sweing,Monday,0.8,11.41,843,0.21875,50,0,0,0,31,0.80018
TRAIN_0206,Quarter2,sweing,Monday,0.8,11.61,760,0.17245,50,0,0,0,31,0.80008
TRAIN_0207,Quarter2,sweing,Monday,0.8,28.08,737,0.40625,63,0,0,0,58,0.8
TRAIN_0208,Quarter2,finishing,Monday,0.8,2.9,1190,0.05556,0,0,0,0,8,0.725
TRAIN_0209,Quarter2,sweing,Monday,0.8,50.48,381,0.26736,45,0,0,0,58,0.68856
TRAIN_0210,Quarter2,sweing,Monday,0.65,20.79,1141,0.32639,0,0,0,0,59,0.65004
TRAIN_0211,Quarter2,sweing,Monday,0.65,12.52,1004,0.36806,44,0,0,0,53,0.64998
TRAIN_0212,Quarter2,finishing,Monday,0.8,2.9,1190,0.05556,0,0,0,0,8,0.64811
TRAIN_0213,Quarter2,finishing,Monday,0.8,4.15,1190,0.05556,0,0,0,0,8,0.64058
TRAIN_0214,Quarter2,sweing,Monday,0.35,22.4,581,0.28356,0,0,0,0,51,0.35063
TRAIN_0215,Quarter2,finishing,Monday,0.8,3.94,1190,0.05556,0,0,0,0,8,0.24625
TRAIN_0216,Quarter2,finishing,Tuesday,0.35,4.3,1190,0.08333,0,0,0,0,12,0.95202
TRAIN_0217,Quarter2,finishing,Tuesday,0.8,3.94,1190,0.05556,0,0,0,0,2,0.95142
TRAIN_0218,Quarter2,finishing,Tuesday,0.8,3.94,1190,0.20833,0,0,0,0,20,0.91277
TRAIN_0219,Quarter2,finishing,Tuesday,0.8,4.15,1190,0.0625,0,0,0,0,9,0.90126
TRAIN_0220,Quarter2,finishing,Tuesday,0.8,3.94,1190,0.05556,0,0,0,0,8,0.85814
TRAIN_0221,Quarter2,sweing,Tuesday,0.8,26.16,1073,0.40972,75,0,0,0,59,0.8505
TRAIN_0222,Quarter2,sweing,Tuesday,0.8,26.16,1156,0.40972,75,0,0,0,59,0.8505
TRAIN_0223,Quarter2,sweing,Tuesday,0.8,25.9,1211,0.39583,60,0,0,0,57,0.85025
TRAIN_0224,Quarter2,sweing,Tuesday,0.8,25.9,1126,0.39236,60,0,0,0,56,0.85014
TRAIN_0225,Quarter2,finishing,Tuesday,0.65,4.15,1190,0.05556,0,0,0,0,8,0.82135
TRAIN_0226,Quarter2,finishing,Tuesday,0.8,3.94,1190,0.05556,0,0,0,0,8,0.80591
TRAIN_0227,Quarter2,sweing,Tuesday,0.8,11.61,1004,0.21875,50,0,0,0,31,0.80025
TRAIN_0228,Quarter2,sweing,Tuesday,0.8,11.61,1063,0.21875,50,0,0,0,31,0.80025
TRAIN_0229,Quarter2,sweing,Tuesday,0.8,28.08,723,0.40625,50,0,0,0,58,0.8
TRAIN_0230,Quarter2,sweing,Tuesday,0.8,42.27,465,0.38194,54,0,0,0,55,0.70558
TRAIN_0231,Quarter2,finishing,Tuesday,0.8,2.9,1190,0.05556,0,0,0,0,8,0.68106
TRAIN_0232,Quarter2,finishing,Tuesday,0.8,2.9,1190,0.05556,0,0,0,0,8,0.67008
TRAIN_0233,Quarter2,finishing,Tuesday,0.8,4.15,1190,0.05556,0,0,0,0,8,0.60128
TRAIN_0234,Quarter2,sweing,Tuesday,0.7,27.13,530,0.36806,37,0,0,0,53,0.5823
TRAIN_0235,Quarter2,sweing,Tuesday,0.7,20.79,1297,0.40278,0,0,0,0,58,0.52681
TRAIN_0236,Quarter2,sweing,Tuesday,0.5,22.4,783,0.39236,23,0,0,0,56,0.50038
TRAIN_0237,Quarter2,sweing,Tuesday,0.35,22.4,715,0.39236,23,0,0,0,56,0.35021
TRAIN_0238,Quarter2,finishing,Wednesday,0.8,4.15,1190,0.07639,0,0,0,0,7,0.93461
TRAIN_0239,Quarter2,finishing,Wednesday,0.35,4.3,1190,0.10417,0,0,0,0,8,0.90808
TRAIN_0240,Quarter2,sweing,Wednesday,0.8,25.9,1150,0.39236,70,0,0,0,56,0.90014
TRAIN_0241,Quarter2,finishing,Wednesday,0.8,3.94,1190,0.05556,0,0,0,0,8,0.89172
TRAIN_0242,Quarter2,finishing,Wednesday,0.65,4.15,1190,0.05556,0,0,0,0,15,0.86458
TRAIN_0243,Quarter2,finishing,Wednesday,0.8,3.94,1190,0.05556,0,0,0,0,8,0.85814
TRAIN_0244,Quarter2,sweing,Wednesday,0.8,26.16,1232,0.40972,75,0,0,0,59,0.8505
TRAIN_0245,Quarter2,sweing,Wednesday,0.8,25.9,1218,0.39236,60,0,0,0,56,0.85014
TRAIN_0246,Quarter2,finishing,Wednesday,0.8,2.9,1190,0.05556,0,0,0,0,8,0.83759
TRAIN_0247,Quarter2,finishing,Wednesday,0.8,4.15,1190,0.05556,0,0,0,0,7,0.82083
TRAIN_0248,Quarter2,sweing,Wednesday,0.8,11.61,1159,0.11458,50,0,0,0,31,0.80031
TRAIN_0249,Quarter2,sweing,Wednesday,0.8,11.61,972,0.21875,38,0,0,0,31,0.80025
TRAIN_0250,Quarter2,sweing,Wednesday,0.8,26.16,1092,0.40972,63,0,0,0,59,0.80012
TRAIN_0251,Quarter2,sweing,Wednesday,0.7,20.79,965,0.28241,0,0,0,0,58,0.7001
TRAIN_0252,Quarter2,finishing,Wednesday,0.8,2.9,1190,0.05556,0,0,0,0,8,0.66733
TRAIN_0253,Quarter2,sweing,Wednesday,0.6,22.4,816,0.19676,23,0,0,0,57,0.60037
TRAIN_0254,Quarter2,sweing,Wednesday,0.5,22.4,947,0.13079,23,0,0,0,56,0.49998
TRAIN_0255,Quarter2,sweing,Wednesday,0.35,14.61,838,0.27778,23,0,0,0,55,0.35003
TRAIN_0256,Quarter2,finishing,Wednesday,0.8,3.94,1190,0.04861,0,0,0,0,8,0.33236
TRAIN_0257,Quarter2,sweing,Wednesday,0.8,51.02,1086,0.16435,27,0,0,0,57,0.31121
TRAIN_0258,Quarter2,finishing,Wednesday,0.8,3.94,1190,0.04861,0,0,0,0,8,0.24732
TRAIN_0259,Quarter3,finishing,Thursday,0.35,4.3,1190,0.13889,0,0,0,0,20,0.98864
TRAIN_0260,Quarter3,finishing,Thursday,0.8,3.94,1190,0.13194,0,0,0,0,19,0.95311
TRAIN_0261,Quarter3,finishing,Thursday,0.8,3.94,1190,0.05556,0,0,0,0,8,0.88426
TRAIN_0262,Quarter3,finishing,Thursday,0.65,4.15,1190,0.05556,0,0,0,0,8,0.86065
TRAIN_0263,Quarter3,finishing,Thursday,0.8,3.94,1190,0.05556,0,0,0,0,8,0.85814
TRAIN_0264,Quarter3,sweing,Thursday,0.8,26.16,1160,0.40972,75,0,0,0,59,0.8505
TRAIN_0265,Quarter3,sweing,Thursday,0.8,25.9,1177,0.34606,60,0,0,0,56,0.85042
TRAIN_0266,Quarter3,sweing,Thursday,0.8,25.9,1281,0.39236,60,0,0,0,56,0.85014
TRAIN_0267,Quarter3,sweing,Thursday,0.8,26.16,1369,0.40972,63,0,0,0,59,0.80012
TRAIN_0268,Quarter3,sweing,Thursday,0.8,11.61,1084,0.19097,38,0,0,0,31,0.80003
TRAIN_0269,Quarter3,sweing,Thursday,0.8,11.61,1216,0.19097,50,0,0,0,31,0.80003
TRAIN_0270,Quarter3,sweing,Thursday,0.7,20.79,391,0.40278,0,0,0,0,58,0.70006
TRAIN_0271,Quarter3,finishing,Thursday,0.8,2.9,1190,0.05556,0,0,0,0,8,0.6893
TRAIN_0272,Quarter3,sweing,Thursday,0.5,22.52,1102,0.39236,30,0,0,0,56,0.66068
TRAIN_0273,Quarter3,sweing,Thursday,0.65,22.52,872,0.38889,26,0,0,0,56,0.65013
TRAIN_0274,Quarter3,finishing,Thursday,0.8,2.9,1190,0.05556,0,0,0,0,8,0.60691
TRAIN_0275,Quarter3,sweing,Thursday,0.6,22.52,1076,0.39236,23,0,0,0,56,0.60029
TRAIN_0276,Quarter3,sweing,Thursday,0.5,14.89,917,0.38194,30,0,0,0,55,0.50003
TRAIN_0277,Quarter3,sweing,Thursday,0.5,22.94,1044,0.37847,23,0,0,0,54,0.5
TRAIN_0278,Quarter3,finishing,Saturday,0.65,4.15,1190,0.10417,0,0,0,0,15,0.9872
TRAIN_0279,Quarter3,finishing,Saturday,0.8,3.94,1190,0.06944,0,0,0,0,10,0.98091
TRAIN_0280,Quarter3,finishing,Saturday,0.8,3.94,1190,0.05556,0,0,0,0,8,0.97462
TRAIN_0281,Quarter3,finishing,Saturday,0.8,3.94,1190,0.05556,0,0,0,0,8,0.88426
TRAIN_0282,Quarter3,finishing,Saturday,0.8,3.94,1190,0.06944,0,0,0,0,10,0.8268
TRAIN_0283,Quarter3,sweing,Saturday,0.8,11.41,1067,0.21181,63,0,0,0,30,0.80034
TRAIN_0284,Quarter3,sweing,Saturday,0.8,11.61,1039,0.21875,63,0,0,0,31,0.80025
TRAIN_0285,Quarter3,sweing,Saturday,0.8,25.9,1396,0.39236,50,0,0,0,56,0.80013
TRAIN_0286,Quarter3,sweing,Saturday,0.8,25.9,1292,0.39236,50,0,0,0,56,0.80013
TRAIN_0287,Quarter3,sweing,Saturday,0.8,48.68,171,0.40972,63,0,0,0,59,0.80012
TRAIN_0288,Quarter3,sweing,Saturday,0.8,26.16,1128,0.40972,63,0,0,0,59,0.80012
TRAIN_0289,Quarter3,sweing,Saturday,0.6,22.94,865,0.25347,23,0,0,0,56,0.77011
TRAIN_0290,Quarter3,sweing,Saturday,0.7,22.52,825,0.39236,50,0,0,0,56,0.70054
TRAIN_0291,Quarter3,finishing,Saturday,0.8,2.9,1190,0.05556,0,0,0,0,8,0.67557
TRAIN_0292,Quarter3,finishing,Saturday,0.8,2.9,1190,0.05556,0,0,0,0,8,0.66184
TRAIN_0293,Quarter3,sweing,Saturday,0.65,22.52,1163,0.375,35,0,0,0,54,0.6502
TRAIN_0294,Quarter3,sweing,Saturday,0.6,22.52,1140,0.39236,30,0,0,0,56,0.60029
TRAIN_0295,Quarter3,sweing,Saturday,0.6,14.89,1027,0.38889,38,0,0,0,56,0.60027
TRAIN_0296,Quarter3,finishing,Saturday,0.8,2.9,1190,0.03472,0,0,0,0,5,0.46576
TRAIN_0297,Quarter3,sweing,Saturday,0.7,41.19,1052,0.40278,21,0,0,0,58,0.45201
TRAIN_0298,Quarter3,finishing,Saturday,0.8,4.15,1190,0.04861,0,0,0,0,7,0.31385
TRAIN_0299,Quarter3,finishing,Sunday,0.6,4.15,1190,0.05556,0,0,0,0,8,0.85279
TRAIN_0300,Quarter3,finishing,Sunday,0.65,4.15,1190,0.08333,0,0,0,0,12,0.83838
TRAIN_0301,Quarter3,finishing,Sunday,0.8,2.9,1190,0.06944,0,0,0,0,10,0.80485
TRAIN_0302,Quarter3,sweing,Sunday,0.8,11.41,1140,0.21181,63,0,0,0,30,0.80034
TRAIN_0303,Quarter3,sweing,Sunday,0.8,48.84,624,0.39236,50,0,0,0,56,0.80013
TRAIN_0304,Quarter3,sweing,Sunday,0.8,25.9,1288,0.39236,38,0,0,0,56,0.80013
TRAIN_0305,Quarter3,sweing,Sunday,0.8,26.16,1381,0.1412,50,0,0,0,59,0.80002
TRAIN_0306,Quarter3,sweing,Sunday,0.7,22.52,882,0.39236,50,0,0,0,56,0.70054
TRAIN_0307,Quarter3,sweing,Sunday,0.7,22.52,1002,0.38889,40,0,0,0,56,0.70009
TRAIN_0308,Quarter3,finishing,Sunday,0.8,2.9,1190,0.05556,0,0,0,0,8,0.69205
TRAIN_0309,Quarter3,sweing,Sunday,0.8,26.87,585,0.21875,56,0,0,0,31,0.66226
TRAIN_0310,Quarter3,sweing,Sunday,0.65,22.52,1138,0.39236,35,0,0,0,56,0.65042
TRAIN_0311,Quarter3,sweing,Sunday,0.65,14.89,1140,0.39583,44,0,0,0,57,0.6503
TRAIN_0312,Quarter3,sweing,Sunday,0.65,22.94,1025,0.39236,26,0,0,0,56,0.65024
TRAIN_0313,Quarter3,finishing,Sunday,0.8,2.9,1190,0.05556,0,0,0,0,8,0.63987
TRAIN_0314,Quarter3,sweing,Sunday,0.6,20.4,1031,0.40278,30,0,0,0,58,0.60006
TRAIN_0315,Quarter3,finishing,Sunday,0.8,3.94,1190,0.06944,0,0,0,0,10,0.58205
TRAIN_0316,Quarter3,sweing,Sunday,0.8,49.1,1381,0.39931,24,0,0,0,57,0.40324
TRAIN_0317,Quarter3,finishing,Sunday,0.7,3.94,1190,0.05556,0,0,0,0,8,0.2358
TRAIN_0318,Quarter3,finishing,Monday,0.7,4.3,1190,0.19444,0,0,0,0,28,0.97727
TRAIN_0319,Quarter3,finishing,Monday,0.8,3.94,1190,0.06944,0,0,0,0,10,0.96411
TRAIN_0320,Quarter3,finishing,Monday,0.65,4.15,1190,0.05556,0,0,0,0,8,0.9589
TRAIN_0321,Quarter3,sweing,Monday,0.8,11.41,1028,0.16898,50,0,0,0,31,0.80036
TRAIN_0322,Quarter3,sweing,Monday,0.8,25.9,1380,0.14005,50,0,0,0,56,0.80016
TRAIN_0323,Quarter3,sweing,Monday,0.8,26.16,1196,0.40972,63,0,0,0,59,0.80012
TRAIN_0324,Quarter3,finishing,Monday,0.8,2.9,1190,0.05556,0,0,0,0,8,0.79384
TRAIN_0325,Quarter3,sweing,Monday,0.7,22.94,1006,0.39236,38,0,0,0,56,0.75052
TRAIN_0326,Quarter3,sweing,Monday,0.7,22.52,930,0.39583,63,0,0,0,57,0.75007
TRAIN_0327,Quarter3,sweing,Monday,0.7,22.52,1095,0.39236,50,0,0,0,56,0.75006
TRAIN_0328,Quarter3,sweing,Monday,0.7,22.52,938,0.38889,63,0,0,0,56,0.75006
TRAIN_0329,Quarter3,sweing,Monday,0.7,14.89,1484,0.39583,50,0,0,0,57,0.70017
TRAIN_0330,Quarter3,finishing,Monday,0.8,2.9,1190,0.05556,0,0,0,0,8,0.68381
TRAIN_0331,Quarter3,sweing,Monday,0.65,20.4,1255,0.31944,35,0,0,0,58,0.65007
TRAIN_0332,Quarter3,sweing,Monday,0.8,48.84,1040,0.39583,30,0,0,0,57,0.57646
TRAIN_0333,Quarter3,sweing,Monday,0.5,22.94,1492,0.39236,30,0,0,0,56,0.54997
TRAIN_0334,Quarter3,finishing,Monday,0.7,3.94,1190,0.05556,0,0,0,0,8,0.5384
TRAIN_0335,Quarter3,finishing,Monday,0.7,4.15,1190,0.05556,0,0,0,0,8,0.40955
TRAIN_0336,Quarter3,sweing,Monday,0.35,15.26,1111,0.23611,23,0,0,0,34,0.35022
TRAIN_0337,Quarter3,finishing,Tuesday,0.7,4.15,1190,0.05556,0,0,0,0,8,1.03357
TRAIN_0338,Quarter3,sweing,Tuesday,0.8,11.41,1047,0.21528,63,0,0,0,31,0.80026
TRAIN_0339,Quarter3,sweing,Tuesday,0.8,25.9,1434,0.39236,50,0,0,0,56,0.80013
TRAIN_0340,Quarter3,sweing,Tuesday,0.8,26.16,399,0.40972,63,0,0,0,59,0.80012
TRAIN_0341,Quarter3,sweing,Tuesday,0.7,22.52,983,0.39583,63,0,0,0,57,0.75007
TRAIN_0342,Quarter3,sweing,Tuesday,0.7,22.52,1108,0.38889,63,0,0,0,56,0.75006
TRAIN_0343,Quarter3,sweing,Tuesday,0.7,22.52,1134,0.32639,50,0,0,0,57,0.75004
TRAIN_0344,Quarter3,sweing,Tuesday,0.7,22.94,1363,0.39583,50,0,0,0,57,0.75003
TRAIN_0345,Quarter3,finishing,Tuesday,0.8,3.94,1190,0.06944,0,0,0,0,10,0.7283
TRAIN_0346,Quarter3,sweing,Tuesday,0.7,14.89,1501,0.39583,50,0,0,0,57,0.70017
TRAIN_0347,Quarter3,sweing,Tuesday,0.7,20.4,1352,0.39583,50,0,0,0,57,0.70006
TRAIN_0348,Quarter3,finishing,Tuesday,0.8,2.9,1190,0.05556,0,0,0,0,8,0.63987
TRAIN_0349,Quarter3,sweing,Tuesday,0.5,15.26,1352,0.14352,23,0,0,0,34,0.50029
TRAIN_0350,Quarter3,sweing,Tuesday,0.35,22.94,1450,0.38889,30,0,0,0,56,0.40033
TRAIN_0351,Quarter3,finishing,Tuesday,0.7,4.15,1190,0.10417,0,0,0,0,15,0.36267
TRAIN_0352,Quarter3,finishing,Wednesday,0.75,4.3,1190,0.23148,0,0,0,0,20,0.97853
TRAIN_0353,Quarter3,finishing,Wednesday,0.7,3.94,1190,0.19676,0,0,0,0,17,0.9122
TRAIN_0354,Quarter3,sweing,Wednesday,0.75,22.52,825,0.38889,94,0,0,0,56,0.90056
TRAIN_0355,Quarter3,sweing,Wednesday,0.8,11.61,916,0.22222,75,0,0,0,89,0.85041
TRAIN_0356,Quarter3,finishing,Wednesday,0.8,3.94,1190,0.09259,0,0,0,0,8,0.82715
TRAIN_0357,Quarter3,sweing,Wednesday,0.8,25.9,562,0.28819,38,0,0,0,56,0.80044
TRAIN_0358,Quarter3,sweing,Wednesday,0.7,22.94,1422,0.40509,60,0,0,0,57,0.80042
TRAIN_0359,Quarter3,sweing,Wednesday,0.7,22.52,1206,0.38889,75,0,0,0,56,0.80002
TRAIN_0360,Quarter3,finishing,Wednesday,0.7,4.15,1190,0.09259,0,0,0,0,8,0.75817
TRAIN_0361,Quarter3,sweing,Wednesday,0.7,20.4,1404,0.40278,50,0,0,0,58,0.75034
TRAIN_0362,Quarter3,sweing,Wednesday,0.7,22.52,1139,0.39583,63,0,0,0,57,0.75007
TRAIN_0363,Quarter3,sweing,Wednesday,0.7,14.89,1735,0.39583,50,0,0,0,57,0.70017
TRAIN_0364,Quarter3,sweing,Wednesday,0.65,22.94,1595,0.39583,34,0,0,0,57,0.70003
TRAIN_0365,Quarter3,sweing,Wednesday,0.6,15.26,1245,0.24537,23,0,0,0,34,0.60017
TRAIN_0366,Quarter3,finishing,Wednesday,0.8,2.9,1190,0.09259,0,0,0,0,8,0.59487
TRAIN_0367,Quarter3,sweing,Wednesday,0.8,54.56,757,0.15972,29,0,0,0,58,0.52024
TRAIN_0368,Quarter3,finishing,Wednesday,0.65,3.94,1190,0.09259,0,0,0,0,8,0.50513
TRAIN_0369,Quarter3,sweing,Wednesday,0.5,22.52,1720,0.38889,23,0,0,0,56,0.50024
TRAIN_0370,Quarter3,finishing,Wednesday,0.7,4.15,1190,0.10417,0,0,0,0,9,0.47077
TRAIN_0371,Quarter4,finishing,Thursday,0.6,3.94,1190,0.23148,0,0,0,0,10,0.95764
TRAIN_0372,Quarter4,finishing,Thursday,0.75,3.94,1190,0.32407,0,0,0,0,14,0.9407
TRAIN_0373,Quarter4,sweing,Thursday,0.75,22.52,759,0.38889,81,0,0,0,56,0.84998
TRAIN_0374,Quarter4,sweing,Thursday,0.7,22.94,1510,0.40972,60,0,0,0,57,0.8003
TRAIN_0375,Quarter4,sweing,Thursday,0.8,11.61,955,0.24537,63,0,0,0,32,0.80019
TRAIN_0376,Quarter4,sweing,Thursday,0.75,22.52,1328,0.38889,55,0,0,0,56,0.80002
TRAIN_0377,Quarter4,sweing,Thursday,0.7,22.94,1384,0.46991,63,0,0,0,57,0.75016
TRAIN_0378,Quarter4,sweing,Thursday,0.7,22.52,1244,0.39583,63,0,0,0,57,0.75007
TRAIN_0379,Quarter4,finishing,Thursday,0.7,4.15,1190,0.34722,0,0,0,0,15,0.7429
TRAIN_0380,Quarter4,sweing,Thursday,0.7,20.4,1480,0.40278,40,0,0,0,58,0.70025
TRAIN_0381,Quarter4,sweing,Thursday,0.7,14.89,1863,0.39583,50,0,0,0,57,0.70017
TRAIN_0382,Quarter4,finishing,Thursday,0.75,4.3,1190,0.34722,0,0,0,0,15,0.67022
TRAIN_0383,Quarter4,finishing,Thursday,0.7,3.94,1190,0.5787,0,0,0,0,25,0.64966
TRAIN_0384,Quarter4,finishing,Thursday,0.7,3.94,1190,0.5787,0,0,0,0,25,0.64966
TRAIN_0385,Quarter4,finishing,Thursday,0.8,2.9,1190,0.18519,0,0,0,0,8,0.62682
TRAIN_0386,Quarter4,sweing,Thursday,0.6,15.26,1492,0.26852,23,0,0,0,34,0.60044
TRAIN_0387,Quarter4,sweing,Thursday,0.6,22.52,1859,0.39583,23,0,0,0,57,0.60041
TRAIN_0388,Quarter4,sweing,Thursday,0.8,40.99,980,0.41551,30,0,0,0,56,0.5555
TRAIN_0389,Quarter4,sweing,Thursday,0.5,29.12,970,0.40278,30,0,0,0,58,0.50055
TRAIN_0390,Quarter4,finishing,Thursday,0.7,3.94,1190,0.46296,0,0,0,0,20,0.46058
TRAIN_0391,Quarter4,finishing,Thursday,0.8,2.9,1190,0.18519,0,0,0,0,8,0.39774
TRAIN_0392,Quarter4,finishing,Thursday,0.6,4.08,1190,0.20833,0,0,0,0,9,0.32741
TRAIN_0393,Quarter4,finishing,Saturday,0.7,4.15,1190,0.10417,0,0,0,0,15,0.96667
TRAIN_0394,Quarter4,finishing,Saturday,0.75,3.94,1190,0.06944,0,0,0,0,10,0.93724
TRAIN_0395,Quarter4,finishing,Saturday,0.8,2.9,1190,0.0625,0,0,0,0,9,0.91052
TRAIN_0396,Quarter4,sweing,Saturday,0.75,22.94,1606,0.39583,94,0,0,0,57,0.90065
TRAIN_0397,Quarter4,sweing,Saturday,0.75,22.52,727,0.39583,94,0,0,0,57,0.90032
TRAIN_0398,Quarter4,finishing,Saturday,0.75,4.15,1190,0.06944,0,0,0,0,10,0.89602
TRAIN_0399,Quarter4,finishing,Saturday,0.75,3.94,1190,0.05556,0,0,0,0,8,0.89545
TRAIN_0400,Quarter4,finishing,Saturday,0.65,3.94,1190,0.08333,0,0,0,0,12,0.87058
TRAIN_0401,Quarter4,finishing,Saturday,0.7,4.08,1190,0.0625,0,0,0,0,9,0.85859
TRAIN_0402,Quarter4,sweing,Saturday,0.7,22.94,1472,0.39583,75,0,0,0,57,0.80064
TRAIN_0403,Quarter4,sweing,Saturday,0.75,22.52,1332,0.38889,69,0,0,0,56,0.80063
TRAIN_0404,Quarter4,sweing,Saturday,0.8,11.61,1009,0.21759,63,0,0,0,32,0.80054
TRAIN_0405,Quarter4,sweing,Saturday,0.75,22.52,1266,0.39583,69,0,0,0,57,0.80035
TRAIN_0406,Quarter4,sweing,Saturday,0.75,15.26,1316,0.23611,40,0,0,0,34,0.75008
TRAIN_0407,Quarter4,sweing,Saturday,0.75,42.97,1282,0.39583,56,0,0,0,57,0.75004
TRAIN_0408,Quarter4,sweing,Saturday,0.7,20.4,1382,0.40278,50,0,0,0,58,0.70025
TRAIN_0409,Quarter4,finishing,Saturday,0.75,4.3,1190,0.08333,0,0,0,0,12,0.65152
TRAIN_0410,Quarter4,sweing,Saturday,0.65,22.52,1295,0.39236,26,0,0,0,56,0.65042
TRAIN_0411,Quarter4,sweing,Saturday,0.6,29.12,925,0.25694,23,0,0,0,58,0.60013
TRAIN_0412,Quarter4,finishing,Saturday,0.75,3.94,1190,0.05556,0,0,0,0,8,0.57831
TRAIN_0413,Quarter4,finishing,Saturday,0.7,3.94,1190,0.05556,0,0,0,0,8,0.57831
TRAIN_0414,Quarter4,sweing,Saturday,0.35,15.09,1448,0.36111,23,0,0,0,52,0.34999
TRAIN_0415,Quarter4,finishing,Saturday,0.6,3.94,1190,0.05556,0,0,0,0,8,0.26117
TRAIN_0416,Quarter4,finishing,Sunday,0.7,4.15,1190,0.11806,0,0,0,0,17,0.9738
TRAIN_0417,Quarter4,finishing,Sunday,0.75,3.94,1190,0.05556,0,0,0,0,8,0.97008
TRAIN_0418,Quarter4,finishing,Sunday,0.7,3.94,1190,0.05556,0,0,0,0,8,0.97008
TRAIN_0419,Quarter4,finishing,Sunday,0.75,3.94,1190,0.0625,0,0,0,0,9,0.96178
TRAIN_0420,Quarter4,finishing,Sunday,0.75,3.94,1190,0.13194,0,0,0,0,19,0.95515
TRAIN_0421,Quarter4,finishing,Sunday,0.75,4.3,1190,0.08333,0,0,0,0,12,0.95202
TRAIN_0422,Quarter4,sweing,Sunday,0.75,22.52,867,0.39583,94,0,0,0,57,0.90032
TRAIN_0423,Quarter4,sweing,Sunday,0.75,22.94,1636,0.40625,81,0,0,0,58,0.85022
TRAIN_0424,Quarter4,sweing,Sunday,0.7,22.94,1682,0.40625,75,0,0,0,58,0.80091
TRAIN_0425,Quarter4,sweing,Sunday,0.75,22.52,1495,0.39931,55,0,0,0,57,0.80051
TRAIN_0426,Quarter4,sweing,Sunday,0.8,11.61,1181,0.22222,63,0,0,0,32,0.80039
TRAIN_0427,Quarter4,sweing,Sunday,0.75,22.52,1413,0.38889,69,0,0,0,56,0.80002
TRAIN_0428,Quarter4,finishing,Sunday,0.65,3.94,1190,0.09722,0,0,0,0,14,0.74919
TRAIN_0429,Quarter4,sweing,Sunday,0.7,22.52,360,0.39236,40,0,0,0,56,0.70054
TRAIN_0430,Quarter4,sweing,Sunday,0.7,15.26,1296,0.23611,40,0,0,0,34,0.70044
TRAIN_0431,Quarter4,sweing,Sunday,0.7,20.4,1217,0.40278,50,0,0,0,58,0.70025
TRAIN_0432,Quarter4,sweing,Sunday,0.65,29.12,1086,0.40278,26,0,0,0,58,0.65041
TRAIN_0433,Quarter4,finishing,Sunday,0.7,4.08,1190,0.0625,0,0,0,0,9,0.61818
TRAIN_0434,Quarter4,sweing,Sunday,0.75,42.97,532,0.39583,40,0,0,0,57,0.59114
TRAIN_0435,Quarter4,sweing,Sunday,0.5,15.09,1557,0.02778,23,0,0,0,52,0.50006
TRAIN_0436,Quarter4,finishing,Sunday,0.8,2.9,1190,0.02778,0,0,0,0,4,0.32955
TRAIN_0437,Quarter4,finishing,Monday,0.75,3.94,1190,0.06944,0,0,0,0,10,1.05962
TRAIN_0438,Quarter4,finishing,Monday,0.75,3.94,1190,0.14583,0,0,0,0,21,0.99779
TRAIN_0439,Quarter4,finishing,Monday,0.75,4.3,1190,0.08333,0,0,0,0,12,0.9637
TRAIN_0440,Quarter4,finishing,Monday,0.7,4.15,1190,0.10417,0,0,0,0,15,0.95919
TRAIN_0441,Quarter4,finishing,Monday,0.75,3.94,1190,0.06944,0,0,0,0,10,0.91038
TRAIN_0442,Quarter4,finishing,Monday,0.7,3.94,1190,0.06944,0,0,0,0,10,0.91038
TRAIN_0443,Quarter4,sweing,Monday,0.8,22.52,1016,0.39236,60,0,0,0,56,0.85031
TRAIN_0444,Quarter4,sweing,Monday,0.8,11.61,1072,0.22222,50,0,0,0,32,0.80039
TRAIN_0445,Quarter4,sweing,Monday,0.75,22.52,1584,0.39583,69,0,0,0,57,0.80035
TRAIN_0446,Quarter4,sweing,Monday,0.75,22.94,1764,0.39583,55,0,0,0,57,0.80003
TRAIN_0447,Quarter4,sweing,Monday,0.7,22.94,1745,0.40278,60,0,0,0,58,0.80002
TRAIN_0448,Quarter4,sweing,Monday,0.75,22.52,1250,0.38889,55,0,0,0,56,0.80002
TRAIN_0449,Quarter4,finishing,Monday,0.7,4.08,1190,0.0625,0,0,0,0,9,0.76929
TRAIN_0450,Quarter4,sweing,Monday,0.75,20.4,1118,0.39815,56,0,0,0,58,0.75003
TRAIN_0451,Quarter4,sweing,Monday,0.7,29.12,1143,0.40278,40,0,0,0,58,0.70061
TRAIN_0452,Quarter4,sweing,Monday,0.7,15.26,1337,0.23611,40,0,0,0,34,0.70044
TRAIN_0453,Quarter4,finishing,Monday,0.65,3.94,1190,0.05556,0,0,0,0,8,0.64631
TRAIN_0454,Quarter4,sweing,Monday,0.6,15.09,1519,0.01389,23,0,0,0,52,0.60014
TRAIN_0455,Quarter4,sweing,Monday,0.35,28.08,749,0.39583,23,0,0,0,57,0.35007
TRAIN_0456,Quarter4,sweing,Tuesday,0.75,22.52,1635,0.26389,119,0,0,0,57,1.00023
TRAIN_0457,Quarter4,sweing,Tuesday,0.75,22.52,1299,0.26389,119,0,0,0,57,1.00023
TRAIN_0458,Quarter4,finishing,Tuesday,0.8,3.94,1190,0.05556,0,0,0,0,12,0.97953
TRAIN_0459,Quarter4,finishing,Tuesday,0.8,4.3,1190,0.05556,0,0,0,0,12,0.94062
TRAIN_0460,Quarter4,finishing,Tuesday,0.5,4.15,1190,0.05556,0,0,0,0,12,0.92639
TRAIN_0461,Quarter4,sweing,Tuesday,0.8,22.52,1134,0.25926,70,0,0,0,56,0.90013
TRAIN_0462,Quarter4,finishing,Tuesday,0.75,3.94,1190,0.05556,0,0,0,0,12,0.86188
TRAIN_0463,Quarter4,sweing,Tuesday,0.8,22.52,1106,0.26157,60,0,0,0,56,0.85031
TRAIN_0464,Quarter4,finishing,Tuesday,0.65,3.94,1190,0.03704,0,0,0,0,8,0.84546
TRAIN_0465,Quarter4,finishing,Tuesday,0.7,4.15,1190,0.04167,0,0,0,0,9,0.82356
TRAIN_0466,Quarter4,finishing,Tuesday,0.5,4.15,1190,0.03704,0,0,0,0,8,0.80354
TRAIN_0467,Quarter4,sweing,Tuesday,0.75,22.94,1871,0.26852,55,0,0,0,58,0.80026
TRAIN_0468,Quarter4,finishing,Tuesday,0.75,3.94,1190,0.0463,0,0,0,0,10,0.788
TRAIN_0469,Quarter4,finishing,Tuesday,0.75,3.94,1190,0.0463,0,0,0,0,10,0.77815
TRAIN_0470,Quarter4,sweing,Tuesday,0.7,29.12,1294,0.26852,50,0,0,0,58,0.70039
TRAIN_0471,Quarter4,sweing,Tuesday,0.7,15.26,1462,0.15741,40,0,0,0,34,0.70016
TRAIN_0472,Quarter4,sweing,Tuesday,0.65,15.09,976,0.00926,23,0,0,0,52,0.65031
TRAIN_0473,Quarter4,sweing,Tuesday,0.8,30.4,338,0.14815,34,0,0,0,32,0.62283
TRAIN_0474,Quarter4,finishing,Tuesday,0.8,2.9,1190,0.03704,0,0,0,0,8,0.6225
TRAIN_0475,Quarter4,sweing,Tuesday,0.5,20.79,1455,0.26852,30,0,0,0,58,0.50004
TRAIN_0476,Quarter4,sweing,Tuesday,0.5,48.18,1282,0.25,23,0,0,0,54,0.37047
TRAIN_0477,Quarter4,sweing,Wednesday,0.8,22.52,1559,0.26389,90,0,0,0,57,1.00023
TRAIN_0478,Quarter4,sweing,Wednesday,0.8,22.52,1350,0.26389,113,0,0,0,57,1.00023
TRAIN_0479,Quarter4,finishing,Wednesday,0.35,2.9,1190,0.06944,0,0,0,0,15,0.97756
TRAIN_0480,Quarter4,finishing,Wednesday,0.75,3.94,1190,0.0463,0,0,0,0,10,0.9456
TRAIN_0481,Quarter4,finishing,Wednesday,0.8,3.94,1190,0.06944,0,0,0,0,15,0.90222
TRAIN_0482,Quarter4,sweing,Wednesday,0.8,22.52,1175,0.25926,60,0,0,0,56,0.85053
TRAIN_0483,Quarter4,sweing,Wednesday,0.75,22.94,1868,0.26852,81,0,0,0,58,0.85036
TRAIN_0484,Quarter4,finishing,Wednesday,0.8,3.94,1190,0.0463,0,0,0,0,10,0.84053
TRAIN_0485,Quarter4,sweing,Wednesday,0.6,20.79,1045,0.26852,88,0,0,0,58,0.80053
TRAIN_0486,Quarter4,sweing,Wednesday,0.8,22.52,1342,0.26157,50,0,0,0,56,0.80049
TRAIN_0487,Quarter4,finishing,Wednesday,0.75,4.08,1190,0.04167,0,0,0,0,9,0.75556
TRAIN_0488,Quarter4,sweing,Wednesday,0.7,29.12,1340,0.26852,63,0,0,0,58,0.75059
TRAIN_0489,Quarter4,sweing,Wednesday,0.75,15.26,1429,0.13889,45,0,0,0,35,0.75028
TRAIN_0490,Quarter4,finishing,Wednesday,0.8,4.3,1190,0.05556,0,0,0,0,12,0.72264
TRAIN_0491,Quarter4,finishing,Wednesday,0.65,4.15,1190,0.03704,0,0,0,0,8,0.55333
TRAIN_0492,Quarter4,sweing,Wednesday,0.5,20.1,1413,0.22685,46,0,0,0,54,0.50057
TRAIN_0493,Quarter4,sweing,Wednesday,0.7,38.09,336,0.24074,0,0,0,0,52,0.46769
TRAIN_0494,Quarter4,sweing,Wednesday,0.35,18.79,511,0.06944,23,0,0,0,32,0.438
TRAIN_0495,Quarter4,finishing,Wednesday,0.6,3.94,1190,0.03704,0,0,0,0,8,0.40635
TRAIN_0496,Quarter4,sweing,Wednesday,0.6,23.54,958,0.25463,0,0,0,0,55,0.28533
TRAIN_0497,Quarter4,finishing,Wednesday,0.5,2.9,1190,0.03704,0,0,0,0,8,0.25938
TRAIN_0498,Quarter5,sweing,Thursday,0.8,22.52,1416,0.26389,113,0,0,0,57,1.00023
TRAIN_0499,Quarter5,finishing,Thursday,0.8,4.3,1190,0.0463,0,0,0,0,10,0.989
TRAIN_0500,Quarter5,sweing,Thursday,0.8,22.52,1287,0.26389,100,0,0,0,57,0.95019
TRAIN_0501,Quarter5,sweing,Thursday,0.8,22.52,1444,0.2662,88,0,0,0,57,0.9008
TRAIN_0502,Quarter5,sweing,Thursday,0.8,22.52,1088,0.25926,88,0,0,0,56,0.90013
TRAIN_0503,Quarter5,finishing,Thursday,0.5,2.9,1190,0.0463,0,0,0,0,10,0.899
TRAIN_0504,Quarter5,finishing,Thursday,0.65,4.15,1190,0.03704,0,0,0,0,8,0.87755
TRAIN_0505,Quarter5,finishing,Thursday,0.6,2.9,1190,0.03704,0,0,0,0,8,0.86458
TRAIN_0506,Quarter5,finishing,Thursday,0.8,3.94,1190,0.0463,0,0,0,0,10,0.85695
TRAIN_0507,Quarter5,finishing,Thursday,0.75,3.94,1190,0.0463,0,0,0,0,10,0.85367
TRAIN_0508,Quarter5,sweing,Thursday,0.75,22.94,1579,0.26852,81,0,0,0,58,0.85036
TRAIN_0509,Quarter5,sweing,Thursday,0.7,29.12,1170,0.26852,53,0,0,0,58,0.85017
TRAIN_0510,Quarter5,sweing,Thursday,0.65,20.79,1015,0.27315,81,0,0,0,59,0.80047
TRAIN_0511,Quarter5,finishing,Thursday,0.8,3.94,1190,0.0463,0,0,0,0,10,0.77333
TRAIN_0512,Quarter5,sweing,Thursday,0.75,15.26,1436,0.16204,45,0,0,0,35,0.75065
TRAIN_0513,Quarter5,finishing,Thursday,0.75,4.08,1190,0.04167,0,0,0,0,9,0.63467
TRAIN_0514,Quarter5,sweing,Thursday,0.6,20.1,1601,0.16667,46,0,0,0,51,0.6006
TRAIN_0515,Quarter5,sweing,Thursday,0.5,18.79,717,0.15278,23,0,0,0,33,0.50012
TRAIN_0516,Quarter5,finishing,Thursday,0.8,3.94,1190,0.03704,0,0,0,0,8,0.4925
TRAIN_0517,Quarter5,sweing,Thursday,0.65,23.54,830,0.25463,0,0,0,0,55,0.48792
TRAIN_0518,Quarter5,sweing,Saturday,0.8,22.52,1136,0.26852,113,0,0,0,58,1.00046
TRAIN_0519,Quarter5,sweing,Saturday,0.8,22.52,1397,0.26389,113,0,0,0,57,1.00023
TRAIN_0520,Quarter5,finishing,Saturday,0.8,3.94,1190,0.0463,0,0,0,0,10,0.97187
TRAIN_0521,Quarter5,finishing,Saturday,0.8,3.94,1190,0.03704,0,0,0,0,8,0.97187
TRAIN_0522,Quarter5,finishing,Saturday,0.8,3.94,1190,0.0463,0,0,0,0,10,0.97187
TRAIN_0523,Quarter5,finishing,Saturday,0.8,3.94,1190,0.0463,0,0,0,0,10,0.97187
TRAIN_0524,Quarter5,finishing,Saturday,0.75,3.94,1190,0.06944,0,0,0,0,15,0.97187
TRAIN_0525,Quarter5,finishing,Saturday,0.75,3.94,1190,0.00926,0,0,0,0,2,0.97187
TRAIN_0526,Quarter5,finishing,Saturday,0.75,4.08,1190,0.04167,0,0,0,0,9,0.97187
TRAIN_0527,Quarter5,finishing,Saturday,0.7,3.94,1190,0.00926,0,0,0,0,2,0.97187
TRAIN_0528,Quarter5,finishing,Saturday,0.7,3.94,1190,0.0463,0,0,0,0,10,0.97187
TRAIN_0529,Quarter5,finishing,Saturday,0.65,3.94,1190,0.03704,0,0,0,0,8,0.97187
TRAIN_0530,Quarter5,finishing,Saturday,0.65,3.94,1190,0.02315,0,0,0,0,5,0.97187
TRAIN_0531,Quarter5,finishing,Saturday,0.6,3.94,1190,0.0463,0,0,0,0,10,0.97187
TRAIN_0532,Quarter5,sweing,Saturday,0.8,22.52,1116,0.25926,93,0,0,0,56,0.92024
TRAIN_0533,Quarter5,sweing,Saturday,0.8,22.52,1432,0.25694,88,0,0,0,57,0.90054
TRAIN_0534,Quarter5,sweing,Saturday,0.75,29.12,1082,0.26389,81,0,0,0,57,0.85061
TRAIN_0535,Quarter5,sweing,Saturday,0.75,22.94,1502,0.26852,81,0,0,0,58,0.85036
TRAIN_0536,Quarter5,sweing,Saturday,0.75,15.26,1209,0.16204,45,0,0,0,35,0.75065
TRAIN_0537,Quarter5,sweing,Saturday,0.7,50.89,282,0.22685,56,0,0,0,59,0.65676
TRAIN_0538,Quarter5,sweing,Saturday,0.65,20.1,1417,0.25,49,0,0,0,54,0.65015
TRAIN_0539,Quarter5,sweing,Saturday,0.6,18.79,799,0.15278,23,0,0,0,33,0.60071
TRAIN_0540,Quarter5,sweing,Saturday,0.7,23.54,1109,0.25926,0,0,0,0,56,0.38883
TRAIN_0541,Quarter5,sweing,Saturday,0.5,23.54,1144,0.25,0,0,0,0,54,0.28698
TRAIN_0542,Quarter1,finishing,Sunday,0.65,4.15,1190,0.03704,0,0,0,0,8,1.01156
TRAIN_0543,Quarter1,sweing,Sunday,0.8,22.52,1396,0.2662,113,0,0,0,57,1.00067
TRAIN_0544,Quarter1,sweing,Sunday,0.8,22.94,1582,0.11806,113,0,0,0,58,1.0004
TRAIN_0545,Quarter1,finishing,Sunday,0.75,3.94,1190,0.08796,0,0,0,0,19,0.95044
TRAIN_0546,Quarter1,sweing,Sunday,0.8,22.52,1124,0.26389,100,0,0,0,57,0.95019
TRAIN_0547,Quarter1,finishing,Sunday,0.8,3.94,1190,0.0463,0,0,0,0,10,0.91277
TRAIN_0548,Quarter1,finishing,Sunday,0.7,3.94,1190,0.08333,0,0,0,0,18,0.89219
TRAIN_0549,Quarter1,finishing,Sunday,0.8,3.94,1190,0.0463,0,0,0,0,10,0.8865
TRAIN_0550,Quarter1,sweing,Sunday,0.8,22.52,1282,0.25926,75,0,0,0,56,0.85053
TRAIN_0551,Quarter1,sweing,Sunday,0.8,22.52,1472,0.27083,60,0,0,0,58,0.85011
TRAIN_0552,Quarter1,finishing,Sunday,0.8,4.3,1190,0.05556,0,0,0,0,12,0.84507
TRAIN_0553,Quarter1,sweing,Sunday,0.75,29.12,1282,0.26852,45,0,0,0,58,0.75059
TRAIN_0554,Quarter1,sweing,Sunday,0.75,15.26,1276,0.05556,45,0,0,0,35,0.75045
TRAIN_0555,Quarter1,finishing,Sunday,0.75,4.08,1190,0.04167,0,0,0,0,9,0.70267
TRAIN_0556,Quarter1,sweing,Sunday,0.7,20.1,1192,0.23611,75,0,0,0,54,0.70051
TRAIN_0557,Quarter1,sweing,Sunday,0.65,18.79,881,0.15278,26,0,0,0,33,0.65101
TRAIN_0558,Quarter1,sweing,Sunday,0.6,24.26,1196,0.25463,0,0,0,0,55,0.46682
TRAIN_0559,Quarter1,sweing,Sunday,0.7,24.26,1400,0.25926,0,0,0,0,56,0.41155
TRAIN_0560,Quarter1,finishing,Sunday,0.6,2.9,1190,0.0463,0,0,0,0,10,0.31417
TRAIN_0561,Quarter1,sweing,Monday,0.8,22.94,16882,0.27083,113,0,0,0,58,1.0006
TRAIN_0562,Quarter1,finishing,Monday,0.75,3.94,1190,0.03704,0,0,0,0,8,0.99427
TRAIN_0563,Quarter1,sweing,Monday,0.8,22.52,21385,0.27083,88,0,0,0,58,0.90016
TRAIN_0564,Quarter1,sweing,Monday,0.8,22.52,21266,0.26389,70,0,0,0,57,0.90014
TRAIN_0565,Quarter1,sweing,Monday,0.8,22.52,21540,0.25926,88,0,0,0,56,0.90013
TRAIN_0566,Quarter1,finishing,Monday,0.8,3.94,1190,0.0463,0,0,0,0,10,0.85695
TRAIN_0567,Quarter1,finishing,Monday,0.8,4.3,1190,0.05556,0,0,0,0,12,0.80924
TRAIN_0568,Quarter1,sweing,Monday,0.8,15.26,12261,0.13889,63,0,0,0,35,0.8004
TRAIN_0569,Quarter1,sweing,Monday,0.8,22.52,23122,0.22917,50,0,0,0,56,0.80039
TRAIN_0570,Quarter1,sweing,Monday,0.75,29.12,8992,0.26852,55,0,0,0,58,0.79996
TRAIN_0571,Quarter1,finishing,Monday,0.75,4.08,1190,0.04167,0,0,0,0,9,0.74044
TRAIN_0572,Quarter1,sweing,Monday,0.7,20.55,9792,0.25,60,0,0,0,54,0.7004
TRAIN_0573,Quarter1,sweing,Monday,0.7,18.79,2984,0.15278,30,0,0,0,33,0.70035
TRAIN_0574,Quarter1,finishing,Monday,0.65,4.15,1190,0.03704,0,0,0,0,8,0.56198
TRAIN_0575,Quarter1,finishing,Monday,0.75,3.94,1190,0.08796,0,0,0,0,19,0.5046
TRAIN_0576,Quarter1,sweing,Monday,0.5,30.1,839,0.26852,0,0,0,0,58,0.5008
TRAIN_0577,Quarter1,sweing,Monday,0.7,24.26,2698,0.25926,0,0,0,0,56,0.29531
TRAIN_0578,Quarter1,finishing,Monday,0.6,2.9,1190,0.0463,0,0,0,0,10,0.28033
TRAIN_0579,Quarter1,sweing,Monday,0.65,24.26,1435,0.25463,0,0,0,0,55,0.26098
TRAIN_0580,Quarter1,finishing,Tuesday,0.8,3.94,1190,0.09259,0,0,0,0,20,1.00142
TRAIN_0581,Quarter1,sweing,Tuesday,0.8,22.52,1500,0.2662,113,0,0,0,57,1.00002
TRAIN_0582,Quarter1,sweing,Tuesday,0.8,22.52,1188,0.25926,90,0,0,0,56,1.0
TRAIN_0583,Quarter1,finishing,Tuesday,0.8,3.94,1190,0.0463,0,0,0,0,10,0.99485
TRAIN_0584,Quarter1,finishing,Tuesday,0.7,4.15,1190,0.03704,0,0,0,0,8,0.97698
TRAIN_0585,Quarter1,sweing,Tuesday,0.8,22.52,1112,0.26389,100,0,0,0,57,0.95019
TRAIN_0586,Quarter1,sweing,Tuesday,0.8,22.52,1452,0.26852,100,0,0,0,58,0.94998
TRAIN_0587,Quarter1,finishing,Tuesday,0.75,3.94,1190,0.05093,0,0,0,0,11,0.91995
TRAIN_0588,Quarter1,sweing,Tuesday,0.8,22.52,340,0.21065,63,0,0,0,56,0.80043
TRAIN_0589,Quarter1,sweing,Tuesday,0.8,15.26,1029,0.0787,50,0,0,0,35,0.80026
TRAIN_0590,Quarter1,finishing,Tuesday,0.8,4.08,1190,0.04167,0,0,0,0,9,0.77822
TRAIN_0591,Quarter1,sweing,Tuesday,0.75,29.12,1070,0.26852,34,0,0,0,58,0.75059
TRAIN_0592,Quarter1,sweing,Tuesday,0.7,25.31,946,0.22222,60,0,0,0,54,0.70051
TRAIN_0593,Quarter1,sweing,Tuesday,0.7,18.79,913,0.15509,30,0,0,0,33,0.70018
TRAIN_0594,Quarter1,sweing,Tuesday,0.7,24.26,1363,0.25694,0,0,0,0,55,0.58647
TRAIN_0595,Quarter1,sweing,Tuesday,0.7,24.26,1639,0.25926,0,0,0,0,56,0.54152
TRAIN_0596,Quarter1,finishing,Tuesday,0.8,4.3,1190,0.05556,0,0,0,0,12,0.5375
TRAIN_0597,Quarter1,finishing,Tuesday,0.7,2.9,1190,0.03704,0,0,0,0,8,0.49542
TRAIN_0598,Quarter1,sweing,Tuesday,0.6,30.1,415,0.26852,0,0,0,0,58,0.41517
TRAIN_0599,Quarter1,sweing,Wednesday,0.8,22.52,1263,0.2662,100,0,0,0,57,1.05028
TRAIN_0600,Quarter1,sweing,Wednesday,0.8,22.52,968,0.26389,113,0,0,0,57,1.00023
TRAIN_0601,Quarter1,sweing,Wednesday,0.8,22.52,1108,0.25926,113,0,0,0,56,1.0
TRAIN_0602,Quarter1,finishing,Wednesday,0.8,3.94,1190,0.08333,0,0,0,0,18,0.96676
TRAIN_0603,Quarter1,finishing,Wednesday,0.8,3.94,1190,0.0463,0,0,0,0,10,0.92918
TRAIN_0604,Quarter1,finishing,Wednesday,0.7,4.15,1190,0.11574,0,0,0,0,25,0.91577
TRAIN_0605,Quarter1,sweing,Wednesday,0.8,22.52,1532,0.2662,88,0,0,0,57,0.90015
TRAIN_0606,Quarter1,sweing,Wednesday,0.8,15.26,1094,0.15741,38,0,0,0,34,0.8004
TRAIN_0607,Quarter1,sweing,Wednesday,0.8,22.52,1086,0.26852,50,0,0,0,58,0.79996
TRAIN_0608,Quarter1,finishing,Wednesday,0.7,3.94,1190,0.03704,0,0,0,0,8,0.77979
TRAIN_0609,Quarter1,finishing,Wednesday,0.75,3.94,1190,0.03704,0,0,0,0,8,0.75517
TRAIN_0610,Quarter1,sweing,Wednesday,0.7,18.79,941,0.12963,30,0,0,0,33,0.70071
TRAIN_0611,Quarter1,sweing,Wednesday,0.7,24.26,1471,0.26852,0,0,0,0,58,0.70061
TRAIN_0612,Quarter1,sweing,Wednesday,0.7,10.05,1042,0.23611,60,0,0,0,53,0.70028
TRAIN_0613,Quarter1,sweing,Wednesday,0.7,29.12,1248,0.26389,0,0,0,0,57,0.70014
TRAIN_0614,Quarter1,finishing,Wednesday,0.8,4.08,1190,0.04167,0,0,0,0,9,0.68756
TRAIN_0615,Quarter1,sweing,Wednesday,0.65,30.1,326,0.22454,0,90,10,0,58,0.65083
TRAIN_0616,Quarter1,finishing,Wednesday,0.7,2.9,1190,0.03704,0,0,0,0,8,0.53167
TRAIN_0617,Quarter1,sweing,Wednesday,0.35,30.1,287,0.2338,23,150,15,0,55,0.35071
TRAIN_0618,Quarter1,sweing,Thursday,0.8,22.52,1300,0.26157,113,0,0,0,56,1.00045
TRAIN_0619,Quarter1,sweing,Thursday,0.8,22.52,1485,0.2662,113,0,0,0,57,1.00002
TRAIN_0620,Quarter1,sweing,Thursday,0.8,22.52,1039,0.25926,113,0,0,0,56,1.0
TRAIN_0621,Quarter1,finishing,Thursday,0.8,3.94,1190,0.10185,0,0,0,0,22,0.99992
TRAIN_0622,Quarter1,sweing,Thursday,0.8,22.52,1063,0.26389,100,0,0,0,57,0.95019
TRAIN_0623,Quarter1,finishing,Thursday,0.7,2.9,1190,0.03704,0,0,0,0,8,0.9425
TRAIN_0624,Quarter1,finishing,Thursday,0.8,4.08,1190,0.04167,0,0,0,0,9,0.90667
TRAIN_0625,Quarter1,finishing,Thursday,0.7,3.94,1190,0.0463,0,0,0,0,10,0.8471
TRAIN_0626,Quarter1,finishing,Thursday,0.8,3.94,1190,0.05556,0,0,0,0,12,0.84546
TRAIN_0627,Quarter1,sweing,Thursday,0.8,15.26,1083,0.02778,38,0,0,0,34,0.80061
TRAIN_0628,Quarter1,sweing,Thursday,0.8,29.12,1069,0.26852,50,0,0,0,58,0.79996
TRAIN_0629,Quarter1,finishing,Thursday,0.8,3.94,1190,0.03704,0,0,0,0,8,0.77158
TRAIN_0630,Quarter1,sweing,Thursday,0.75,10.05,668,0.09722,34,0,0,0,26,0.7504
TRAIN_0631,Quarter1,sweing,Thursday,0.7,18.79,766,0.10648,30,0,0,0,33,0.70008
TRAIN_0632,Quarter1,sweing,Thursday,0.7,30.1,557,0.26852,0,0,0,0,58,0.56221
TRAIN_0633,Quarter1,sweing,Thursday,0.07,24.26,1608,0.26852,0,0,0,0,58,0.52284
TRAIN_0634,Quarter1,sweing,Thursday,0.5,30.1,417,0.24537,23,0,0,1,53,0.50072
TRAIN_0635,Quarter1,sweing,Thursday,0.7,24.26,1167,0.26389,0,0,0,0,57,0.49655
TRAIN_0636,Quarter1,finishing,Saturday,0.8,3.94,1190,0.11574,0,0,0,0,25,1.05067
TRAIN_0637,Quarter1,sweing,Saturday,0.8,22.52,1186,0.2662,113,0,0,0,58,1.00002
TRAIN_0638,Quarter1,sweing,Saturday,0.8,22.52,1060,0.26389,100,0,0,0,57,0.95019
TRAIN_0639,Quarter1,sweing,Saturday,0.8,22.52,1534,0.26157,88,0,0,0,57,0.90014
TRAIN_0640,Quarter1,sweing,Saturday,0.8,22.52,1142,0.25926,88,0,0,0,56,0.90013
TRAIN_0641,Quarter1,finishing,Saturday,0.8,4.08,1190,0.04167,0,0,0,0,9,0.89911
TRAIN_0642,Quarter1,finishing,Saturday,0.8,3.94,1190,0.0463,0,0,0,0,10,0.87008
TRAIN_0643,Quarter1,finishing,Saturday,0.75,2.9,1190,0.03704,0,0,0,0,8,0.84583
TRAIN_0644,Quarter1,sweing,Saturday,0.8,15.26,1021,0.15741,63,0,0,0,34,0.8004
TRAIN_0645,Quarter1,sweing,Saturday,0.8,29.12,829,0.26852,50,0,0,0,58,0.79996
TRAIN_0646,Quarter1,finishing,Saturday,0.8,3.94,1190,0.03704,0,0,0,0,8,0.77158
TRAIN_0647,Quarter1,sweing,Saturday,0.75,18.79,813,0.06019,34,0,0,0,33,0.75052
TRAIN_0648,Quarter1,sweing,Saturday,0.75,10.05,677,0.125,45,0,0,0,27,0.75003
TRAIN_0649,Quarter1,finishing,Saturday,0.7,3.94,1190,0.0463,0,0,0,0,10,0.71577
TRAIN_0650,Quarter1,sweing,Saturday,0.7,24.26,658,0.26852,0,270,45,0,58,0.66227
TRAIN_0651,Quarter1,sweing,Saturday,0.6,30.1,486,0.26157,30,0,0,1,57,0.60022
TRAIN_0652,Quarter1,sweing,Saturday,0.7,30.1,687,0.28935,0,0,0,0,59,0.54566
TRAIN_0653,Quarter1,finishing,Saturday,0.8,4.3,1190,0.03704,0,0,0,0,8,0.44792
TRAIN_0654,Quarter1,sweing,Saturday,0.7,24.26,652,0.26389,0,300,37,0,57,0.36532
TRAIN_0655,Quarter2,sweing,Sunday,0.8,22.52,1233,0.2662,113,0,0,0,57,1.00002
TRAIN_0656,Quarter2,finishing,Sunday,0.7,4.15,1190,0.05556,0,0,0,0,12,0.92868
TRAIN_0657,Quarter2,sweing,Sunday,0.8,22.52,1388,0.25926,88,0,0,0,56,0.9008
TRAIN_0658,Quarter2,sweing,Sunday,0.8,22.52,1615,0.26157,88,0,0,0,56,0.90014
TRAIN_0659,Quarter2,sweing,Sunday,0.8,22.52,1283,0.25926,88,0,0,0,56,0.90013
TRAIN_0660,Quarter2,finishing,Sunday,0.8,3.94,1190,0.0463,0,0,0,0,10,0.89307
TRAIN_0661,Quarter2,finishing,Sunday,0.8,4.08,1190,0.04167,0,0,0,0,9,0.89156
TRAIN_0662,Quarter2,finishing,Sunday,0.8,3.94,1190,0.08333,0,0,0,0,18,0.87556
TRAIN_0663,Quarter2,finishing,Sunday,0.7,4.15,1190,0.06944,0,0,0,0,15,0.84089
TRAIN_0664,Quarter2,sweing,Sunday,0.8,15.26,1026,0.11111,63,0,0,0,34,0.80036
TRAIN_0665,Quarter2,sweing,Sunday,0.8,29.12,909,0.26852,50,0,0,0,58,0.79996
TRAIN_0666,Quarter2,sweing,Sunday,0.75,18.79,670,0.15278,34,0,0,0,33,0.75065
TRAIN_0667,Quarter2,sweing,Sunday,0.75,10.05,629,0.125,45,0,0,0,27,0.75003
TRAIN_0668,Quarter2,sweing,Sunday,0.7,30.1,754,0.27083,0,0,0,0,58,0.70062
TRAIN_0669,Quarter2,finishing,Sunday,0.75,2.9,1190,0.03704,0,0,0,0,8,0.61021
TRAIN_0670,Quarter2,finishing,Sunday,0.8,3.94,1190,0.03704,0,0,0,0,8,0.60742
TRAIN_0671,Quarter2,sweing,Sunday,0.65,30.1,712,0.26157,44,0,0,1,56,0.56826
TRAIN_0672,Quarter2,sweing,Sunday,0.7,24.26,148,0.26852,0,0,0,0,58,0.35553
TRAIN_0673,Quarter2,sweing,Sunday,0.7,24.26,154,0.26389,0,0,0,0,57,0.35326
TRAIN_0674,Quarter2,finishing,Monday,0.8,3.94,1190,0.08333,0,0,0,0,18,1.05796
TRAIN_0675,Quarter2,finishing,Monday,0.8,3.94,1190,0.0463,0,0,0,0,10,0.96202
TRAIN_0676,Quarter2,sweing,Monday,0.8,22.52,1127,0.00463,88,0,0,0,56,0.9008
TRAIN_0677,Quarter2,sweing,Monday,0.8,22.52,1506,0.13889,70,0,0,0,57,0.90051
TRAIN_0678,Quarter2,sweing,Monday,0.8,22.52,1413,0.01389,70,0,0,0,57,0.90048
TRAIN_0679,Quarter2,finishing,Monday,0.75,2.9,1190,0.03704,0,0,0,0,8,0.88812
TRAIN_0680,Quarter2,sweing,Monday,0.8,15.26,970,0.15741,63,0,0,0,34,0.8004
TRAIN_0681,Quarter2,sweing,Monday,0.8,22.52,1271,0.20833,50,0,0,0,57,0.80016
TRAIN_0682,Quarter2,sweing,Monday,0.8,29.12,1073,0.26852,50,0,0,0,58,0.79996
TRAIN_0683,Quarter2,sweing,Monday,0.7,30.1,767,0.12731,50,0,0,1,57,0.79
TRAIN_0684,Quarter2,sweing,Monday,0.75,10.05,103,0.0,45,0,0,0,54,0.75065
TRAIN_0685,Quarter2,finishing,Monday,0.35,4.15,1190,0.06944,0,0,0,0,15,0.70711
TRAIN_0686,Quarter2,sweing,Monday,0.7,30.1,773,0.27083,40,0,0,0,58,0.70062
TRAIN_0687,Quarter2,finishing,Monday,0.8,3.94,1190,0.03704,0,0,0,0,8,0.69771
TRAIN_0688,Quarter2,sweing,Monday,0.75,18.79,708,0.15741,0,0,0,0,34,0.61252
TRAIN_0689,Quarter2,sweing,Monday,0.35,30.1,842,0.26852,0,0,0,1,58,0.3503
TRAIN_0690,Quarter2,sweing,Monday,0.35,30.1,901,0.26852,0,0,0,1,58,0.3503
TRAIN_0691,Quarter2,finishing,Monday,0.8,4.08,1190,0.04167,0,0,0,0,9,0.272
TRAIN_0692,Quarter2,finishing,Tuesday,0.8,4.08,1190,0.04167,0,0,0,0,9,1.00489
TRAIN_0693,Quarter2,finishing,Tuesday,0.8,3.94,1190,0.08333,0,0,0,0,18,0.96676
TRAIN_0694,Quarter2,sweing,Tuesday,0.8,22.52,1268,0.0,88,0,0,0,56,0.90063
TRAIN_0695,Quarter2,sweing,Tuesday,0.8,22.52,1546,0.0,88,0,0,0,57,0.90047
TRAIN_0696,Quarter2,sweing,Tuesday,0.8,22.52,813,0.0,88,0,0,0,57,0.90047
TRAIN_0697,Quarter2,sweing,Tuesday,0.8,22.52,1512,0.0,88,0,0,0,57,0.89998
TRAIN_0698,Quarter2,finishing,Tuesday,0.8,3.94,1190,0.05556,0,0,0,0,12,0.85367
TRAIN_0699,Quarter2,sweing,Tuesday,0.8,29.12,1263,0.08333,38,0,0,0,58,0.8008
TRAIN_0700,Quarter2,sweing,Tuesday,0.8,15.26,900,0.15741,50,0,0,0,34,0.8004
TRAIN_0701,Quarter2,finishing,Tuesday,0.7,4.15,1190,0.06944,0,0,0,0,15,0.79676
TRAIN_0702,Quarter2,sweing,Tuesday,0.75,18.79,640,0.09259,0,0,0,0,34,0.7508
TRAIN_0703,Quarter2,sweing,Tuesday,0.8,10.05,13,0.125,34,0,0,0,54,0.75065
TRAIN_0704,Quarter2,sweing,Tuesday,0.75,30.1,855,0.27083,45,0,0,0,58,0.75036
TRAIN_0705,Quarter2,finishing,Tuesday,0.35,4.15,1190,0.03704,0,0,0,0,8,0.70377
TRAIN_0706,Quarter2,sweing,Tuesday,0.7,30.1,855,0.27083,40,0,0,1,58,0.70062
TRAIN_0707,Quarter2,finishing,Tuesday,0.8,3.94,1190,0.03704,0,0,0,0,8,0.6895
TRAIN_0708,Quarter2,finishing,Tuesday,0.75,2.9,1190,0.03704,0,0,0,0,8,0.62833
TRAIN_0709,Quarter2,sweing,Tuesday,0.5,30.1,1025,0.26852,23,0,0,1,58,0.5008
TRAIN_0710,Quarter2,sweing,Tuesday,0.5,30.1,1061,0.26852,30,0,0,1,58,0.39355
TRAIN_0711,Quarter2,finishing,Wednesday,0.7,4.15,1190,0.06944,0,0,0,0,15,1.03316
TRAIN_0712,Quarter2,finishing,Wednesday,0.8,4.08,1190,0.04167,0,0,0,0,9,1.02
TRAIN_0713,Quarter2,sweing,Wednesday,0.8,22.52,1557,0.0,90,0,0,0,57,1.00034
TRAIN_0714,Quarter2,sweing,Wednesday,0.8,22.52,1498,0.0,113,0,0,0,57,1.00007
TRAIN_0715,Quarter2,finishing,Wednesday,0.35,4.15,1190,0.05556,0,0,0,0,12,0.99438
TRAIN_0716,Quarter2,finishing,Wednesday,0.8,3.94,1190,0.08333,0,0,0,0,18,0.91204
TRAIN_0717,Quarter2,finishing,Wednesday,0.7,4.15,1190,0.00926,0,0,0,0,2,0.87
TRAIN_0718,Quarter2,sweing,Wednesday,0.8,22.52,598,0.0,75,0,0,0,56,0.85036
TRAIN_0719,Quarter2,sweing,Wednesday,0.8,18.79,656,0.13426,38,0,0,0,34,0.80095
TRAIN_0720,Quarter2,sweing,Wednesday,0.8,15.26,854,0.15741,50,0,0,0,34,0.8004
TRAIN_0721,Quarter2,sweing,Wednesday,0.8,29.12,609,0.125,50,0,0,0,58,0.80014
TRAIN_0722,Quarter2,sweing,Wednesday,0.75,30.1,788,0.28472,56,0,0,0,59,0.75041
TRAIN_0723,Quarter2,sweing,Wednesday,0.6,30.1,1069,0.17593,30,0,0,1,58,0.71441
TRAIN_0724,Quarter2,sweing,Wednesday,0.7,30.1,667,0.22917,40,0,0,1,59,0.70059
TRAIN_0725,Quarter2,finishing,Wednesday,0.8,3.94,1190,0.05556,0,0,0,0,12,0.61836
TRAIN_0726,Quarter2,sweing,Wednesday,0.6,30.1,829,0.12963,23,0,0,1,58,0.60007
TRAIN_0727,Quarter2,finishing,Wednesday,0.8,3.94,1190,0.03704,0,0,0,0,8,0.54175
TRAIN_0728,Quarter2,sweing,Wednesday,0.8,22.52,11,0.26389,0,0,0,1,57,0.5369
TRAIN_0729,Quarter2,sweing,Wednesday,0.35,11.41,434,0.125,0,0,0,1,52,0.5079
TRAIN_0730,Quarter2,sweing,Thursday,0.8,22.52,1397,0.0,138,0,0,0,57,1.10048
TRAIN_0731,Quarter2,finishing,Thursday,0.7,4.15,1190,0.06944,0,0,0,0,15,1.09663
TRAIN_0732,Quarter2,sweing,Thursday,0.8,22.52,1327,0.0,113,0,0,0,57,1.00034
TRAIN_0733,Quarter2,finishing,Thursday,0.8,4.08,1190,0.04167,0,0,0,0,9,0.83867
TRAIN_0734,Quarter2,sweing,Thursday,0.8,15.26,894,0.15741,50,0,0,0,34,0.8004
TRAIN_0735,Quarter2,finishing,Thursday,0.35,4.15,1190,0.05556,0,0,0,0,12,0.75549
TRAIN_0736,Quarter2,sweing,Thursday,0.75,30.1,610,0.27315,56,0,0,0,59,0.7508
TRAIN_0737,Quarter2,sweing,Thursday,0.8,18.79,779,0.15278,0,0,0,0,33,0.68802
TRAIN_0738,Quarter2,finishing,Thursday,0.8,3.94,1190,0.05556,0,0,0,0,12,0.66488
TRAIN_0739,Quarter2,finishing,Thursday,0.8,3.94,1190,0.03704,0,0,0,0,8,0.65667
TRAIN_0740,Quarter2,sweing,Thursday,0.7,30.1,419,0.27315,0,0,0,1,59,0.63771
TRAIN_0741,Quarter2,finishing,Thursday,0.8,3.94,1190,0.08333,0,0,0,0,18,0.60194
TRAIN_0742,Quarter2,finishing,Thursday,0.7,4.15,1190,0.00926,0,0,0,0,2,0.58
TRAIN_0743,Quarter2,sweing,Thursday,0.65,30.1,909,0.27315,0,0,0,1,59,0.53568
TRAIN_0744,Quarter2,sweing,Thursday,0.5,11.41,1039,0.08796,0,0,0,2,55,0.50012
TRAIN_0745,Quarter2,sweing,Thursday,0.8,29.12,14,0.26852,0,0,0,0,58,0.49789
TRAIN_0746,Quarter2,sweing,Thursday,0.65,30.1,1193,0.27315,0,0,0,1,59,0.4634
TRAIN_0747,Quarter2,sweing,Thursday,0.8,22.52,10,0.23148,0,0,0,0,50,0.44139
TRAIN_0748,Quarter2,sweing,Thursday,0.35,30.1,770,0.26852,0,0,0,1,58,0.3503
TRAIN_0749,Quarter2,sweing,Saturday,0.8,22.52,1416,0.26389,113,0,0,0,57,1.00023
TRAIN_0750,Quarter2,finishing,Saturday,0.7,4.15,1190,0.06944,0,0,0,0,15,0.92928
TRAIN_0751,Quarter2,finishing,Saturday,0.75,4.15,1190,0.09259,0,0,0,0,20,0.90292
TRAIN_0752,Quarter2,finishing,Saturday,0.8,4.08,1190,0.04167,0,0,0,0,9,0.80089
TRAIN_0753,Quarter2,sweing,Saturday,0.8,15.26,942,0.15741,63,0,0,0,34,0.8004
TRAIN_0754,Quarter2,sweing,Saturday,0.8,22.52,674,0.1412,63,0,0,0,57,0.80037
TRAIN_0755,Quarter2,finishing,Saturday,0.8,3.94,1190,0.05556,0,0,0,0,12,0.79621
TRAIN_0756,Quarter2,sweing,Saturday,0.75,30.1,481,0.27546,0,0,0,1,59,0.75039
TRAIN_0757,Quarter2,sweing,Saturday,0.75,30.1,664,0.27546,56,0,0,0,59,0.75039
TRAIN_0758,Quarter2,finishing,Saturday,0.7,4.15,1190,0.03704,0,0,0,0,8,0.72562
TRAIN_0759,Quarter2,sweing,Saturday,0.7,30.1,824,0.19907,0,0,0,1,60,0.70021
TRAIN_0760,Quarter2,sweing,Saturday,0.7,30.1,957,0.27778,0,0,0,1,60,0.602
TRAIN_0761,Quarter2,sweing,Saturday,0.6,11.41,1039,0.08796,23,0,0,2,55,0.60045
TRAIN_0762,Quarter2,sweing,Saturday,0.8,18.79,822,0.15741,0,0,0,0,34,0.55725
TRAIN_0763,Quarter2,sweing,Saturday,0.5,30.1,1261,0.26852,30,0,0,1,58,0.5008
TRAIN_0764,Quarter2,finishing,Saturday,0.8,2.9,1190,0.03704,0,0,0,0,8,0.48333
TRAIN_0765,Quarter2,finishing,Saturday,0.8,3.94,1190,0.03704,0,0,0,0,8,0.23804
TRAIN_0766,Quarter3,finishing,Sunday,0.8,3.94,1190,0.03704,0,0,0,0,8,1.12044
TRAIN_0767,Quarter3,finishing,Sunday,0.8,3.94,1190,0.03704,0,0,0,0,8,1.10812
TRAIN_0768,Quarter3,sweing,Sunday,0.8,22.52,1420,0.26389,113,0,0,0,57,1.00023
TRAIN_0769,Quarter3,finishing,Sunday,0.8,4.08,1190,0.04167,0,0,0,0,9,0.87644
TRAIN_0770,Quarter3,sweing,Sunday,0.8,15.26,1120,0.05556,50,0,0,0,34,0.80081
TRAIN_0771,Quarter3,finishing,Sunday,0.75,4.15,1190,0.00926,0,0,0,0,2,0.76083
TRAIN_0772,Quarter3,sweing,Sunday,0.8,30.1,679,0.27546,0,0,0,0,59,0.72257
TRAIN_0773,Quarter3,finishing,Sunday,0.6,2.9,1190,0.0463,0,0,0,0,10,0.71533
TRAIN_0774,Quarter3,sweing,Sunday,0.7,30.1,881,0.27315,0,0,0,1,59,0.70063
TRAIN_0775,Quarter3,sweing,Sunday,0.7,30.1,507,0.22685,40,2,10,1,59,0.70057
TRAIN_0776,Quarter3,sweing,Sunday,0.75,18.79,814,0.15741,0,0,0,0,34,0.6816
TRAIN_0777,Quarter3,sweing,Sunday,0.65,11.41,700,0.10185,23,0,0,2,53,0.65022
TRAIN_0778,Quarter3,finishing,Sunday,0.7,4.15,1190,0.03704,0,0,0,0,8,0.60521
TRAIN_0779,Quarter3,finishing,Sunday,0.8,2.9,1190,0.03704,0,0,0,0,8,0.60417
TRAIN_0780,Quarter3,sweing,Sunday,0.75,30.1,919,0.27546,0,0,0,1,59,0.59863
TRAIN_0781,Quarter3,sweing,Sunday,0.6,30.1,1361,0.26852,30,0,0,1,58,0.47572
TRAIN_0782,Quarter3,sweing,Sunday,0.8,22.52,12,0.2662,0,0,0,0,57,0.43212
TRAIN_0783,Quarter3,finishing,Sunday,0.75,4.15,1190,0.09259,0,0,0,0,20,0.28704
TRAIN_0784,Quarter3,sweing,Sunday,0.5,18.79,1688,0.2037,0,0,0,1,54,0.28305
TRAIN_0785,Quarter3,sweing,Monday,0.8,22.52,1422,0.26389,113,0,0,0,57,1.00023
TRAIN_0786,Quarter3,finishing,Monday,0.8,3.94,1190,0.0463,0,0,0,0,10,0.96043
TRAIN_0787,Quarter3,finishing,Monday,0.8,4.08,1190,0.04167,0,0,0,0,9,0.89156
TRAIN_0788,Quarter3,finishing,Monday,0.5,4.15,1190,0.03704,0,0,0,0,8,0.86458
TRAIN_0789,Quarter3,sweing,Monday,0.65,30.1,1263,0.02315,63,0,0,1,58,0.80224
TRAIN_0790,Quarter3,sweing,Monday,0.8,30.1,461,0.0,0,0,0,0,59,0.80098
TRAIN_0791,Quarter3,sweing,Monday,0.8,15.26,1079,0.14352,38,0,0,0,34,0.80031
TRAIN_0792,Quarter3,finishing,Monday,0.8,2.9,1190,0.03704,0,0,0,0,8,0.77333
TRAIN_0793,Quarter3,sweing,Monday,0.75,18.79,895,0.15278,0,0,0,0,33,0.75065
TRAIN_0794,Quarter3,sweing,Monday,0.75,30.1,912,0.27083,0,0,0,1,58,0.75036
TRAIN_0795,Quarter3,finishing,Monday,0.75,4.15,1190,0.06944,0,0,0,0,15,0.72233
TRAIN_0796,Quarter3,sweing,Monday,0.7,30.1,784,0.02315,30,0,0,1,59,0.70046
TRAIN_0797,Quarter3,finishing,Monday,0.75,4.15,1190,0.0463,0,0,0,0,10,0.62942
TRAIN_0798,Quarter3,sweing,Monday,0.7,30.1,7,0.27315,27,2,10,2,59,0.62197
TRAIN_0799,Quarter3,sweing,Monday,0.7,11.41,680,0.08333,30,0,0,2,54,0.56597
TRAIN_0800,Quarter3,sweing,Monday,0.6,18.22,1131,0.2037,0,0,0,1,44,0.35543
TRAIN_0801,Quarter3,sweing,Monday,0.6,18.79,2103,0.20833,0,0,0,1,54,0.32996
TRAIN_0802,Quarter3,finishing,Monday,0.7,4.15,1190,0.06944,0,0,0,0,15,0.258
TRAIN_0803,Quarter3,sweing,Tuesday,0.8,22.52,1445,0.26389,113,0,0,0,57,1.00023
TRAIN_0804,Quarter3,finishing,Tuesday,0.8,3.94,1190,0.03704,0,0,0,0,8,0.92754
TRAIN_0805,Quarter3,finishing,Tuesday,0.7,5.13,1190,0.0463,0,0,0,0,10,0.91375
TRAIN_0806,Quarter3,finishing,Tuesday,0.8,5.13,1190,0.04167,0,0,0,0,9,0.9025
TRAIN_0807,Quarter3,sweing,Tuesday,0.8,15.26,1133,0.15741,38,0,0,0,34,0.8004
TRAIN_0808,Quarter3,finishing,Tuesday,0.5,5.13,1190,0.06944,0,0,0,0,15,0.7866
TRAIN_0809,Quarter3,sweing,Tuesday,0.75,18.79,726,0.12963,0,0,0,0,33,0.75062
TRAIN_0810,Quarter3,sweing,Tuesday,0.75,30.1,849,0.27083,45,0,0,1,58,0.75036
TRAIN_0811,Quarter3,finishing,Tuesday,0.8,2.9,1190,0.03704,0,0,0,0,8,0.74917
TRAIN_0812,Quarter3,sweing,Tuesday,0.7,30.1,562,0.03241,30,0,0,1,59,0.70089
TRAIN_0813,Quarter3,sweing,Tuesday,0.7,11.41,1054,0.13194,30,0,0,2,56,0.70061
TRAIN_0814,Quarter3,sweing,Tuesday,0.7,30.1,1422,0.26852,50,0,0,1,58,0.7006
TRAIN_0815,Quarter3,finishing,Tuesday,0.75,5.13,1190,0.03704,0,0,0,0,8,0.65667
TRAIN_0816,Quarter3,sweing,Tuesday,0.8,30.1,680,0.27546,0,0,0,0,59,0.65343
TRAIN_0817,Quarter3,sweing,Tuesday,0.65,18.79,2120,0.21296,0,0,0,1,51,0.65013
TRAIN_0818,Quarter3,sweing,Tuesday,0.6,29.4,179,0.0,23,5,30,2,58,0.60098
TRAIN_0819,Quarter3,finishing,Tuesday,0.8,3.94,1190,0.03704,0,0,0,0,8,0.58604
TRAIN_0820,Quarter3,finishing,Tuesday,0.8,5.13,1190,0.06944,0,0,0,0,15,0.5814
TRAIN_0821,Quarter3,sweing,Tuesday,0.5,30.33,838,0.25926,0,0,0,1,56,0.36107
TRAIN_0822,Quarter3,sweing,Tuesday,0.65,18.22,741,0.0,0,8,35,1,49,0.30212
TRAIN_0823,Quarter3,finishing,Wednesday,0.8,5.13,1190,0.0463,0,0,0,0,10,0.9918
TRAIN_0824,Quarter3,finishing,Wednesday,0.8,2.9,1190,0.05556,0,0,0,0,12,0.93686
TRAIN_0825,Quarter3,finishing,Wednesday,0.8,5.13,1190,0.05556,0,0,0,0,12,0.91912
TRAIN_0826,Quarter3,sweing,Wednesday,0.7,11.41,685,0.12963,30,0,0,2,56,0.82111
TRAIN_0827,Quarter3,sweing,Wednesday,0.8,30.1,864,0.01852,50,0,0,1,58,0.80098
TRAIN_0828,Quarter3,sweing,Wednesday,0.8,30.1,511,0.0,0,0,0,0,59,0.80098
TRAIN_0829,Quarter3,sweing,Wednesday,0.8,15.26,1095,0.15741,63,0,0,0,34,0.8004
TRAIN_0830,Quarter3,sweing,Wednesday,0.8,22.52,1374,0.15278,63,0,0,0,57,0.80028
TRAIN_0831,Quarter3,sweing,Wednesday,0.75,18.79,759,0.15278,34,0,0,0,33,0.75065
TRAIN_0832,Quarter3,sweing,Wednesday,0.75,30.1,553,0.08796,45,0,0,1,59,0.75053
TRAIN_0833,Quarter3,finishing,Wednesday,0.75,5.13,1190,0.03704,0,0,0,0,8,0.73465
TRAIN_0834,Quarter3,sweing,Wednesday,0.7,30.1,1057,0.0,40,0,0,1,58,0.7006
TRAIN_0835,Quarter3,sweing,Wednesday,0.7,18.79,1587,0.17593,30,0,0,1,51,0.7001
TRAIN_0836,Quarter3,finishing,Wednesday,0.7,5.13,1190,0.03704,0,0,0,0,8,0.67188
TRAIN_0837,Quarter3,finishing,Wednesday,0.8,3.94,1190,0.03704,0,0,0,0,8,0.64025
TRAIN_0838,Quarter3,finishing,Wednesday,0.7,5.13,1190,0.03704,0,0,0,0,8,0.58
TRAIN_0839,Quarter3,finishing,Wednesday,0.8,3.94,1190,0.03704,0,0,0,0,8,0.54979
TRAIN_0840,Quarter3,sweing,Wednesday,0.6,30.33,868,0.26389,0,0,0,1,57,0.32813
TRAIN_0841,Quarter3,sweing,Wednesday,0.7,19.68,1119,0.21759,0,8,35,1,47,0.30357
TRAIN_0842,Quarter3,finishing,Wednesday,0.5,5.13,1190,0.03704,0,0,0,0,8,0.2565
TRAIN_0843,Quarter3,sweing,Wednesday,0.65,29.4,962,0.17593,0,4,30,2,57,0.2514
TRAIN_0844,Quarter3,finishing,Thursday,0.5,5.13,1190,0.11111,0,0,0,0,12,0.81641
TRAIN_0845,Quarter3,sweing,Thursday,0.8,15.26,1126,0.04167,38,0,0,0,34,0.80071
TRAIN_0846,Quarter3,sweing,Thursday,0.8,22.52,265,0.14815,63,0,0,0,57,0.80047
TRAIN_0847,Quarter3,sweing,Thursday,0.8,30.1,859,0.27083,63,0,0,1,58,0.80009
TRAIN_0848,Quarter3,sweing,Thursday,0.8,30.1,276,0.02315,63,3,15,0,59,0.79998
TRAIN_0849,Quarter3,finishing,Thursday,0.8,2.9,1190,0.16667,0,0,0,0,18,0.78586
TRAIN_0850,Quarter3,sweing,Thursday,0.75,18.79,899,0.15278,56,0,0,0,33,0.75065
TRAIN_0851,Quarter3,finishing,Thursday,0.8,3.94,1190,0.09259,0,0,0,0,10,0.73328
TRAIN_0852,Quarter3,finishing,Thursday,0.8,5.13,1190,0.13889,0,0,0,0,15,0.71012
TRAIN_0853,Quarter3,sweing,Thursday,0.7,30.1,247,0.26852,50,0,0,1,58,0.7006
TRAIN_0854,Quarter3,sweing,Thursday,0.7,11.41,653,0.13426,30,0,0,2,58,0.70054
TRAIN_0855,Quarter3,sweing,Thursday,0.7,29.4,1116,0.24074,0,0,0,2,57,0.7
TRAIN_0856,Quarter3,finishing,Thursday,0.75,5.13,1190,0.07407,0,0,0,0,8,0.68403
TRAIN_0857,Quarter3,finishing,Thursday,0.7,5.13,1190,0.07407,0,0,0,0,8,0.67214
TRAIN_0858,Quarter3,sweing,Thursday,0.7,18.79,1603,0.23611,30,0,0,1,51,0.63861
TRAIN_0859,Quarter3,finishing,Thursday,0.75,5.13,1190,0.07407,0,0,0,0,8,0.63135
TRAIN_0860,Quarter3,sweing,Thursday,0.75,30.1,444,0.0,0,5,20,1,59,0.61114
TRAIN_0861,Quarter3,finishing,Thursday,0.8,5.13,1190,0.08333,0,0,0,0,9,0.60958
TRAIN_0862,Quarter3,sweing,Thursday,0.65,30.33,841,0.26389,0,0,0,1,57,0.58532
TRAIN_0863,Quarter3,sweing,Thursday,0.7,19.68,1410,0.22222,0,0,0,1,48,0.24942
TRAIN_0864,Quarter4,finishing,Sunday,0.5,5.13,1190,0.06944,0,0,0,0,15,0.8721
TRAIN_0865,Quarter4,finishing,Sunday,0.8,2.9,1190,0.03704,0,0,0,0,8,0.83194
TRAIN_0866,Quarter4,finishing,Sunday,0.8,5.13,1190,0.18519,0,0,0,0,20,0.83006
TRAIN_0867,Quarter4,finishing,Sunday,0.6,2.9,1190,0.11111,0,0,0,0,12,0.80556
TRAIN_0868,Quarter4,sweing,Sunday,0.8,15.26,1103,0.15741,63,0,0,0,34,0.8004
TRAIN_0869,Quarter4,sweing,Sunday,0.8,30.1,922,0.22454,63,0,0,1,59,0.8
TRAIN_0870,Quarter4,finishing,Sunday,0.8,5.13,1190,0.09259,0,0,0,0,10,0.78375
TRAIN_0871,Quarter4,finishing,Sunday,0.8,3.94,1190,0.09259,0,0,0,0,10,0.75352
TRAIN_0872,Quarter4,sweing,Sunday,0.75,18.79,1055,0.15278,45,0,0,0,33,0.75065
TRAIN_0873,Quarter4,finishing,Sunday,0.8,3.94,1190,0.11111,0,0,0,0,12,0.72735
TRAIN_0874,Quarter4,sweing,Sunday,0.7,29.4,1146,0.26389,40,0,0,2,57,0.70061
TRAIN_0875,Quarter4,sweing,Sunday,0.7,30.33,746,0.26389,0,0,0,1,57,0.70061
TRAIN_0876,Quarter4,sweing,Sunday,0.75,11.41,834,0.13426,0,0,0,2,58,0.67214
TRAIN_0877,Quarter4,sweing,Sunday,0.7,18.79,1717,0.125,30,0,0,1,57,0.62701
TRAIN_0878,Quarter4,sweing,Sunday,0.7,30.1,1041,0.31481,33,0,0,2,58,0.62658
TRAIN_0879,Quarter4,sweing,Sunday,0.7,21.25,1531,0.23148,0,0,0,1,50,0.45688
TRAIN_0880,Quarter4,sweing,Sunday,0.75,30.1,627,0.26852,0,3,20,1,58,0.39355
TRAIN_0881,Quarter4,finishing,Sunday,0.8,3.94,1190,0.03704,0,0,0,0,8,0.38579
TRAIN_0882,Quarter4,sweing,Sunday,0.8,30.1,450,0.21991,0,4,25,0,60,0.3075
TRAIN_0883,Quarter4,finishing,Sunday,0.7,5.13,1190,0.03704,0,0,0,0,8,0.28396
TRAIN_0884,Quarter4,finishing,Monday,0.8,3.94,1190,0.09259,0,0,0,0,20,0.95579
TRAIN_0885,Quarter4,finishing,Monday,0.7,5.13,1190,0.03704,0,0,0,0,8,0.93042
TRAIN_0886,Quarter4,finishing,Monday,0.8,5.13,1190,0.04167,0,0,0,0,9,0.9025
TRAIN_0887,Quarter4,finishing,Monday,0.8,5.13,1190,0.08333,0,0,0,0,18,0.87115
TRAIN_0888,Quarter4,sweing,Monday,0.8,15.26,1060,0.15741,63,0,0,0,34,0.8004
TRAIN_0889,Quarter4,sweing,Monday,0.8,30.1,891,0.27546,38,0,0,1,59,0.80014
TRAIN_0890,Quarter4,sweing,Monday,0.8,30.1,541,0.27546,38,0,0,0,59,0.80014
TRAIN_0891,Quarter4,sweing,Monday,0.75,30.1,709,0.26852,45,0,0,1,58,0.75077
TRAIN_0892,Quarter4,sweing,Monday,0.75,18.79,1100,0.15278,45,0,0,0,33,0.75065
TRAIN_0893,Quarter4,sweing,Monday,0.75,11.41,826,0.1088,0,0,0,2,58,0.75029
TRAIN_0894,Quarter4,sweing,Monday,0.7,30.33,577,0.08333,30,0,0,1,58,0.70062
TRAIN_0895,Quarter4,sweing,Monday,0.7,29.4,1094,0.26389,40,0,0,2,57,0.70061
TRAIN_0896,Quarter4,sweing,Monday,0.7,29.4,1228,0.26852,30,0,0,2,58,0.70036
TRAIN_0897,Quarter4,sweing,Monday,0.7,18.79,1641,0.23148,40,0,0,1,50,0.60128
TRAIN_0898,Quarter4,sweing,Monday,0.7,21.25,1583,0.23148,0,0,0,1,50,0.41792
TRAIN_0899,Quarter4,finishing,Monday,0.8,2.9,1190,0.03704,0,0,0,0,8,0.37156
TRAIN_0900,Quarter4,finishing,Monday,0.8,2.9,1190,0.03704,0,0,0,0,8,0.37156
TRAIN_0901,Quarter4,finishing,Monday,0.8,5.13,1190,0.03704,0,0,0,0,8,0.36872
TRAIN_0902,Quarter4,finishing,Monday,0.7,5.13,1190,0.03704,0,0,0,0,8,0.35646
TRAIN_0903,Quarter4,finishing,Tuesday,0.7,2.9,1190,0.06944,0,0,0,0,15,0.90222
TRAIN_0904,Quarter4,finishing,Tuesday,0.8,4.6,1190,0.05556,0,0,0,0,12,0.81139
TRAIN_0905,Quarter4,sweing,Tuesday,0.8,15.26,1062,0.15741,50,0,0,0,34,0.8004
TRAIN_0906,Quarter4,sweing,Tuesday,0.8,30.1,450,0.27546,50,0,0,0,60,0.80014
TRAIN_0907,Quarter4,sweing,Tuesday,0.8,30.1,901,0.25,50,0,0,1,59,0.80007
TRAIN_0908,Quarter4,finishing,Tuesday,0.7,4.6,1190,0.03704,0,0,0,0,8,0.79146
TRAIN_0909,Quarter4,sweing,Tuesday,0.75,30.1,739,0.21759,45,0,0,1,59,0.75073
TRAIN_0910,Quarter4,sweing,Tuesday,0.75,18.79,913,0.12963,45,0,0,0,33,0.75065
TRAIN_0911,Quarter4,sweing,Tuesday,0.75,11.61,698,0.12963,34,0,0,2,57,0.75044
TRAIN_0912,Quarter4,sweing,Tuesday,0.75,29.4,1172,0.20602,45,0,0,2,60,0.75018
TRAIN_0913,Quarter4,finishing,Tuesday,0.75,2.9,1190,0.06944,0,0,0,0,15,0.72693
TRAIN_0914,Quarter4,finishing,Tuesday,0.7,2.9,1190,0.06944,0,0,0,0,15,0.72693
TRAIN_0915,Quarter4,sweing,Tuesday,0.7,30.33,408,0.06481,30,0,0,1,59,0.70062
TRAIN_0916,Quarter4,sweing,Tuesday,0.7,29.4,1079,0.17593,40,0,0,2,58,0.70052
TRAIN_0917,Quarter4,sweing,Tuesday,0.7,18.79,1068,0.11574,30,0,0,1,52,0.70026
TRAIN_0918,Quarter4,finishing,Tuesday,0.7,2.9,1190,0.03704,0,0,0,0,8,0.50469
TRAIN_0919,Quarter4,sweing,Tuesday,0.7,21.25,1834,0.24537,0,0,0,1,53,0.47111
TRAIN_0920,Quarter4,finishing,Tuesday,0.7,3.9,1190,0.03704,0,0,0,0,8,0.325
TRAIN_0921,Quarter4,sweing,Tuesday,0.6,22.53,708,0.19444,0,0,0,1,42,0.26821
TRAIN_0922,Quarter4,sweing,Wednesday,0.75,18.79,1085,0.24074,56,0,0,1,52,0.97082
TRAIN_0923,Quarter4,finishing,Wednesday,0.8,4.6,1190,0.04167,0,0,0,0,9,0.90296
TRAIN_0924,Quarter4,finishing,Wednesday,0.8,4.6,1190,0.09259,0,0,0,0,20,0.90083
TRAIN_0925,Quarter4,finishing,Wednesday,0.8,4.6,1190,0.06944,0,0,0,0,15,0.89956
TRAIN_0926,Quarter4,finishing,Wednesday,0.7,2.9,1190,0.0463,0,0,0,0,10,0.84583
TRAIN_0927,Quarter4,sweing,Wednesday,0.8,30.1,323,0.15741,50,0,0,1,59,0.80081
TRAIN_0928,Quarter4,sweing,Wednesday,0.8,15.26,1053,0.15741,50,0,0,0,34,0.8004
TRAIN_0929,Quarter4,sweing,Wednesday,0.8,30.1,786,0.27315,50,0,0,2,59,0.80012
TRAIN_0930,Quarter4,sweing,Wednesday,0.75,18.79,1003,0.15278,45,0,0,1,33,0.75065
TRAIN_0931,Quarter4,sweing,Wednesday,0.75,11.61,635,0.12963,45,0,0,0,57,0.7505
TRAIN_0932,Quarter4,sweing,Wednesday,0.75,29.4,1283,0.26852,45,0,0,2,58,0.75021
TRAIN_0933,Quarter4,sweing,Wednesday,0.7,29.4,847,0.26852,30,0,0,1,58,0.70036
TRAIN_0934,Quarter4,sweing,Wednesday,0.7,30.33,361,0.15278,30,0,0,1,58,0.70007
TRAIN_0935,Quarter4,sweing,Wednesday,0.7,21.82,1653,0.24074,0,0,0,2,52,0.70006
TRAIN_0936,Quarter4,finishing,Wednesday,0.75,4.6,1190,0.03704,0,0,0,0,8,0.67667
TRAIN_0937,Quarter4,finishing,Wednesday,0.7,4.6,1190,0.03704,0,0,0,0,8,0.65854
TRAIN_0938,Quarter4,sweing,Wednesday,0.8,30.1,15,0.0463,49,0,0,1,59,0.59879
TRAIN_0939,Quarter4,sweing,Wednesday,0.65,22.53,762,0.19444,0,0,0,1,42,0.58113
TRAIN_0940,Quarter4,finishing,Wednesday,0.7,3.9,1190,0.03704,0,0,0,0,8,0.44038
TRAIN_0941,Quarter4,finishing,Wednesday,0.75,2.9,1190,0.03704,0,0,0,0,8,0.41083
TRAIN_0942,Quarter4,finishing,Wednesday,0.7,2.9,1190,0.03704,0,0,0,0,8,0.41083
TRAIN_0943,Quarter4,finishing,Thursday,0.8,4.6,1190,0.24306,0,0,0,0,15,0.9217
TRAIN_0944,Quarter4,finishing,Thursday,0.8,4.6,1190,0.29167,0,0,0,0,18,0.9216
TRAIN_0945,Quarter4,sweing,Thursday,0.8,30.1,694,0.15741,50,0,0,1,59,0.80081
TRAIN_0946,Quarter4,sweing,Thursday,0.8,11.61,816,0.1088,50,0,0,2,57,0.80052
TRAIN_0947,Quarter4,sweing,Thursday,0.8,15.26,1065,0.15741,63,0,0,0,34,0.8004
TRAIN_0948,Quarter4,finishing,Thursday,0.5,3.94,1190,0.12963,0,0,0,0,8,0.76885
TRAIN_0949,Quarter4,sweing,Thursday,0.75,18.79,912,0.15278,45,0,0,0,33,0.75065
TRAIN_0950,Quarter4,sweing,Thursday,0.75,29.4,1244,0.26389,45,0,0,2,57,0.75047
TRAIN_0951,Quarter4,sweing,Thursday,0.75,18.79,1020,0.21759,45,0,0,1,52,0.75037
TRAIN_0952,Quarter4,sweing,Thursday,0.75,29.4,916,0.26852,56,0,0,2,58,0.75021
TRAIN_0953,Quarter4,sweing,Thursday,0.7,21.82,1591,0.125,0,0,0,1,52,0.70025
TRAIN_0954,Quarter4,sweing,Thursday,0.7,30.33,398,0.26852,0,0,0,1,58,0.66238
TRAIN_0955,Quarter4,finishing,Thursday,0.8,4.6,1190,0.14583,0,0,0,0,9,0.59062
TRAIN_0956,Quarter4,finishing,Thursday,0.7,3.9,1190,0.03704,0,0,0,0,8,0.55656
TRAIN_0957,Quarter4,sweing,Thursday,0.8,30.1,437,0.27315,32,0,0,2,59,0.49562
TRAIN_0958,Quarter4,sweing,Thursday,0.35,27.48,413,0.26389,38,0,0,1,57,0.44996
TRAIN_0959,Quarter4,finishing,Thursday,0.7,2.9,1190,0.12963,0,0,0,0,8,0.41083
TRAIN_0960,Quarter4,finishing,Thursday,0.75,2.9,1190,0.03704,0,0,0,0,8,0.40781
TRAIN_0961,Quarter4,sweing,Thursday,0.35,26.66,1164,0.25463,23,0,0,2,55,0.3789
TRAIN_0962,Quarter4,finishing,Thursday,0.75,4.6,1190,0.12963,0,0,0,0,8,0.3766
TRAIN_0963,Quarter4,finishing,Thursday,0.75,2.9,1190,0.12963,0,0,0,0,8,0.27187
TRAIN_0964,Quarter4,finishing,Saturday,0.8,4.6,1190,0.24306,0,0,0,0,15,0.9217
TRAIN_0965,Quarter4,finishing,Saturday,0.8,4.6,1190,0.29167,0,0,0,0,18,0.9216
TRAIN_0966,Quarter4,sweing,Saturday,0.8,11.61,954,0.0,50,0,0,2,58,0.80078
TRAIN_0967,Quarter4,sweing,Saturday,0.8,15.26,1194,0.06559,62,0,0,0,34,0.80026
TRAIN_0968,Quarter4,sweing,Saturday,0.8,30.1,644,0.03241,38,0,0,1,59,0.79998
TRAIN_0969,Quarter4,finishing,Saturday,0.5,3.94,1190,0.12963,0,0,0,0,8,0.76885
TRAIN_0970,Quarter4,sweing,Saturday,0.75,29.4,1144,0.1713,45,0,0,2,57,0.75072
TRAIN_0971,Quarter4,sweing,Saturday,0.75,18.79,1012,0.15278,45,0,0,0,33,0.75065
TRAIN_0972,Quarter4,sweing,Saturday,0.75,29.4,792,0.17593,56,0,0,2,58,0.75043
TRAIN_0973,Quarter4,sweing,Saturday,0.75,18.79,841,0.24074,45,0,0,1,52,0.7504
TRAIN_0974,Quarter4,sweing,Saturday,0.7,21.82,1448,0.23611,40,0,0,1,51,0.70024
TRAIN_0975,Quarter4,sweing,Saturday,0.7,30.33,512,0.17593,0,0,0,1,58,0.70021
TRAIN_0976,Quarter4,finishing,Saturday,0.8,4.6,1190,0.14583,0,0,0,0,9,0.59062
TRAIN_0977,Quarter4,finishing,Saturday,0.7,3.9,1190,0.03704,0,0,0,0,8,0.55656
TRAIN_0978,Quarter4,sweing,Saturday,0.5,27.48,609,0.26389,30,0,0,1,57,0.5504
TRAIN_0979,Quarter4,sweing,Saturday,0.5,26.66,1448,0.26389,30,0,0,2,57,0.55035
TRAIN_0980,Quarter4,sweing,Saturday,0.5,26.66,556,0.26852,23,0,0,2,58,0.50026
TRAIN_0981,Quarter4,finishing,Saturday,0.7,2.9,1190,0.12963,0,0,0,0,8,0.41083
TRAIN_0982,Quarter4,finishing,Saturday,0.75,2.9,1190,0.03704,0,0,0,0,8,0.40781
TRAIN_0983,Quarter4,finishing,Saturday,0.75,4.6,1190,0.12963,0,0,0,0,8,0.3766
TRAIN_0984,Quarter4,finishing,Saturday,0.75,2.9,1190,0.12963,0,0,0,0,8,0.27187
TRAIN_0985,Quarter1,finishing,Sunday,0.8,4.6,1190,0.40509,0,0,0,0,25,0.93636
TRAIN_0986,Quarter1,finishing,Sunday,0.75,4.6,1190,0.12963,0,0,0,0,8,0.81361
TRAIN_0987,Quarter1,sweing,Sunday,0.8,15.26,1106,0.15741,63,0,0,0,34,0.8004
TRAIN_0988,Quarter1,sweing,Sunday,0.75,29.4,622,0.24074,56,0,0,0,57,0.75075
TRAIN_0989,Quarter1,sweing,Sunday,0.75,18.79,1193,0.15278,45,0,0,0,33,0.75065
TRAIN_0990,Quarter1,sweing,Sunday,0.75,29.4,1143,0.26389,45,0,0,0,57,0.75047
TRAIN_0991,Quarter1,sweing,Sunday,0.75,18.79,895,0.24074,34,0,0,0,52,0.7504
TRAIN_0992,Quarter1,sweing,Sunday,0.6,27.48,549,0.25926,38,0,0,0,56,0.70745
TRAIN_0993,Quarter1,sweing,Sunday,0.7,21.82,1393,0.21759,30,0,0,0,52,0.70024
TRAIN_0994,Quarter1,sweing,Sunday,0.6,26.66,1578,0.26389,38,0,0,0,57,0.70002
TRAIN_0995,Quarter1,sweing,Sunday,0.7,30.33,254,0.06944,0,0,0,0,58,0.68355
TRAIN_0996,Quarter1,sweing,Sunday,0.8,11.61,347,0.0,50,4,20,0,57,0.68243
TRAIN_0997,Quarter1,finishing,Sunday,0.6,3.94,1190,0.03704,0,0,0,0,8,0.67308
TRAIN_0998,Quarter1,finishing,Sunday,0.7,2.9,1190,0.12963,0,0,0,0,8,0.66458
TRAIN_0999,Quarter1,sweing,Sunday,0.6,26.66,692,0.26389,23,0,0,0,57,0.60024
TRAIN_1000,Quarter1,finishing,Sunday,0.7,3.9,1190,0.03704,0,0,0,0,8,0.585
TRAIN_1001,Quarter1,sweing,Sunday,0.8,30.1,934,0.26852,0,3,15,0,58,0.57951
TRAIN_1002,Quarter1,finishing,Sunday,0.6,3.94,1190,0.12963,0,0,0,0,8,0.44872
TRAIN_1003,Quarter1,finishing,Sunday,0.75,2.9,1190,0.03704,0,0,0,0,8,0.44708
TRAIN_1004,Quarter1,finishing,Sunday,0.8,4.6,1190,0.12963,0,0,0,0,8,0.35042
TRAIN_1005,Quarter1,finishing,Monday,0.7,3.9,1190,0.0463,0,0,0,0,10,0.92885
TRAIN_1006,Quarter1,finishing,Monday,0.8,4.6,1190,0.38889,0,0,0,0,24,0.86037
TRAIN_1007,Quarter1,finishing,Monday,0.65,3.94,1190,0.03704,0,0,0,0,8,0.80688
TRAIN_1008,Quarter1,sweing,Monday,0.65,26.66,1527,0.26389,65,0,0,0,57,0.80058
TRAIN_1009,Quarter1,sweing,Monday,0.8,15.26,1035,0.15741,63,0,0,0,34,0.8004
TRAIN_1010,Quarter1,finishing,Monday,0.75,2.9,1190,0.0463,0,0,0,0,10,0.8004
TRAIN_1011,Quarter1,sweing,Monday,0.8,11.61,632,0.0,50,0,0,0,57,0.80031
TRAIN_1012,Quarter1,sweing,Monday,0.8,29.4,1231,0.18056,50,0,0,0,57,0.80015
TRAIN_1013,Quarter1,sweing,Monday,0.8,30.1,616,0.27315,0,0,0,0,59,0.80012
TRAIN_1014,Quarter1,finishing,Monday,0.75,4.6,1190,0.12963,0,0,0,0,8,0.77333
TRAIN_1015,Quarter1,sweing,Monday,0.75,18.79,947,0.11111,34,0,0,0,33,0.7508
TRAIN_1016,Quarter1,sweing,Monday,0.75,29.4,551,0.26389,45,0,0,0,57,0.75047
TRAIN_1017,Quarter1,sweing,Monday,0.75,18.79,935,0.24074,45,0,0,0,52,0.7504
TRAIN_1018,Quarter1,sweing,Monday,0.65,26.66,832,0.26157,55,0,0,0,57,0.75025
TRAIN_1019,Quarter1,sweing,Monday,0.65,27.48,544,0.25926,34,0,0,0,56,0.7009
TRAIN_1020,Quarter1,sweing,Monday,0.7,21.82,1511,0.13889,30,0,0,0,51,0.70014
TRAIN_1021,Quarter1,finishing,Monday,0.7,2.9,1190,0.12963,0,0,0,0,8,0.63236
TRAIN_1022,Quarter1,finishing,Monday,0.8,4.6,1190,0.14583,0,0,0,0,9,0.60765
TRAIN_1023,Quarter1,finishing,Monday,0.65,3.94,1190,0.12963,0,0,0,0,8,0.53792
TRAIN_1024,Quarter1,finishing,Monday,0.8,4.6,1190,0.12963,0,0,0,0,8,0.34236
TRAIN_1025,Quarter1,finishing,Tuesday,0.8,4.6,1190,0.16204,0,0,0,0,10,0.99953
TRAIN_1026,Quarter1,finishing,Tuesday,0.8,4.6,1190,0.24306,0,0,0,0,15,0.90296
TRAIN_1027,Quarter1,sweing,Tuesday,0.8,11.41,601,0.0,50,0,0,0,56,0.8007
TRAIN_1028,Quarter1,sweing,Tuesday,0.7,26.66,1562,0.26852,60,0,0,0,58,0.80057
TRAIN_1029,Quarter1,sweing,Tuesday,0.8,15.26,983,0.15741,50,0,0,0,34,0.8004
TRAIN_1030,Quarter1,sweing,Tuesday,0.8,29.4,1156,0.26389,50,0,0,0,57,0.80033
TRAIN_1031,Quarter1,sweing,Tuesday,0.8,30.1,29,0.27315,50,0,0,0,59,0.80012
TRAIN_1032,Quarter1,sweing,Tuesday,0.7,26.66,950,0.26852,50,0,0,0,58,0.75077
TRAIN_1033,Quarter1,sweing,Tuesday,0.75,29.4,534,0.26389,56,0,0,0,57,0.75047
TRAIN_1034,Quarter1,sweing,Tuesday,0.75,18.79,1096,0.24074,34,0,0,0,52,0.7504
TRAIN_1035,Quarter1,sweing,Tuesday,0.75,20.2,402,0.12037,45,0,0,0,33,0.75021
TRAIN_1036,Quarter1,finishing,Tuesday,0.75,4.6,1190,0.12963,0,0,0,0,8,0.70278
TRAIN_1037,Quarter1,sweing,Tuesday,0.7,27.48,573,0.26389,30,0,0,0,57,0.70066
TRAIN_1038,Quarter1,sweing,Tuesday,0.7,21.82,1313,0.19444,30,0,0,0,51,0.69998
TRAIN_1039,Quarter1,finishing,Tuesday,0.8,4.6,1190,0.14583,0,0,0,0,9,0.63605
TRAIN_1040,Quarter1,finishing,Tuesday,0.4,3.9,1190,0.24306,0,0,0,0,15,0.56738
TRAIN_1041,Quarter1,finishing,Tuesday,0.7,3.94,1190,0.12963,0,0,0,0,8,0.55543
TRAIN_1042,Quarter1,finishing,Tuesday,0.7,3.94,1190,0.12963,0,0,0,0,8,0.55543
TRAIN_1043,Quarter1,finishing,Tuesday,0.7,2.9,1190,0.12963,0,0,0,0,8,0.46319
TRAIN_1044,Quarter1,finishing,Tuesday,0.7,4.6,1190,0.12963,0,0,0,0,8,0.35444
TRAIN_1045,Quarter1,finishing,Tuesday,0.75,2.9,1190,0.12963,0,0,0,0,8,0.30933
TRAIN_1046,Quarter1,sweing,Tuesday,0.4,15.28,157,0.20833,0,6,30,1,45,0.30277
TRAIN_1047,Quarter1,finishing,Wednesday,0.8,4.6,1190,0.0463,0,0,0,0,10,0.93917
TRAIN_1048,Quarter1,finishing,Wednesday,0.8,4.6,1190,0.03704,0,0,0,0,8,0.93042
TRAIN_1049,Quarter1,finishing,Wednesday,0.8,4.6,1190,0.04167,0,0,0,0,9,0.88593
TRAIN_1050,Quarter1,finishing,Wednesday,0.75,2.9,1190,0.03704,0,0,0,0,8,0.83375
TRAIN_1051,Quarter1,finishing,Wednesday,0.7,3.94,1190,0.03704,0,0,0,0,8,0.80688
TRAIN_1052,Quarter1,finishing,Wednesday,0.7,3.94,1190,0.03704,0,0,0,0,8,0.80606
TRAIN_1053,Quarter1,sweing,Wednesday,0.8,11.41,433,0.0,38,0,0,0,56,0.8007
TRAIN_1054,Quarter1,sweing,Wednesday,0.8,15.26,961,0.15741,50,0,0,0,34,0.8004
TRAIN_1055,Quarter1,sweing,Wednesday,0.8,29.4,1169,0.26389,63,0,0,0,57,0.80033
TRAIN_1056,Quarter1,sweing,Wednesday,0.8,30.1,874,0.15278,50,0,0,0,59,0.80006
TRAIN_1057,Quarter1,sweing,Wednesday,0.7,26.82,1028,0.26852,60,0,0,0,58,0.79998
TRAIN_1058,Quarter1,sweing,Wednesday,0.7,26.82,1772,0.26852,50,0,0,0,58,0.75065
TRAIN_1059,Quarter1,sweing,Wednesday,0.75,18.79,1206,0.24074,34,0,0,0,52,0.7504
TRAIN_1060,Quarter1,sweing,Wednesday,0.7,27.48,586,0.26852,40,0,0,0,58,0.70042
TRAIN_1061,Quarter1,sweing,Wednesday,0.7,21.82,1334,0.22222,30,0,0,0,53,0.70006
TRAIN_1062,Quarter1,finishing,Wednesday,0.8,4.6,1190,0.32407,0,0,0,0,20,0.68489
TRAIN_1063,Quarter1,finishing,Wednesday,0.7,4.6,1190,0.03704,0,0,0,0,8,0.59208
TRAIN_1064,Quarter1,finishing,Wednesday,0.5,3.9,1190,0.03704,0,0,0,0,8,0.54031
TRAIN_1065,Quarter1,sweing,Wednesday,0.8,29.4,30,0.26389,0,0,0,0,57,0.43326
TRAIN_1066,Quarter1,sweing,Wednesday,0.5,15.28,261,0.21296,0,0,0,1,46,0.40414
TRAIN_1067,Quarter1,sweing,Wednesday,0.75,18.79,52,0.15278,0,0,0,0,33,0.33215
TRAIN_1068,Quarter1,finishing,Thursday,0.8,4.6,1190,0.10185,0,0,0,0,22,0.98098
TRAIN_1069,Quarter1,finishing,Thursday,0.6,3.9,1190,0.03704,0,0,0,0,8,0.95062
TRAIN_1070,Quarter1,finishing,Thursday,0.8,2.9,1190,0.0463,0,0,0,0,10,0.92729
TRAIN_1071,Quarter1,finishing,Thursday,0.8,4.6,1190,0.04167,0,0,0,0,9,0.86889
TRAIN_1072,Quarter1,finishing,Thursday,0.7,3.94,1190,0.03704,0,0,0,0,8,0.81262
TRAIN_1073,Quarter1,finishing,Thursday,0.7,3.94,1190,0.03704,0,0,0,0,8,0.81262
TRAIN_1074,Quarter1,finishing,Thursday,0.8,4.6,1190,0.06944,0,0,0,0,15,0.81011
TRAIN_1075,Quarter1,sweing,Thursday,0.8,11.41,455,0.13194,50,0,0,0,56,0.8007
TRAIN_1076,Quarter1,sweing,Thursday,0.8,29.4,797,0.06944,63,0,0,0,57,0.80053
TRAIN_1077,Quarter1,sweing,Thursday,0.8,15.26,959,0.15741,50,0,0,0,34,0.8004
TRAIN_1078,Quarter1,sweing,Thursday,0.7,26.82,1373,0.26852,50,0,0,0,58,0.75065
TRAIN_1079,Quarter1,sweing,Thursday,0.75,18.79,1228,0.24074,45,0,0,0,52,0.7504
TRAIN_1080,Quarter1,sweing,Thursday,0.7,26.82,1117,0.27315,50,0,0,0,59,0.75005
TRAIN_1081,Quarter1,sweing,Thursday,0.7,27.48,230,0.26852,40,0,0,0,58,0.70042
TRAIN_1082,Quarter1,sweing,Thursday,0.7,21.82,1390,0.23148,30,0,0,0,50,0.70042
TRAIN_1083,Quarter1,sweing,Thursday,0.6,15.28,529,0.05093,0,0,0,1,46,0.6001
TRAIN_1084,Quarter1,finishing,Thursday,0.75,2.9,1190,0.03704,0,0,0,0,8,0.45312
TRAIN_1085,Quarter1,sweing,Thursday,0.8,30.1,834,0.0463,0,4,40,0,59,0.36605
TRAIN_1086,Quarter1,sweing,Thursday,0.35,22.53,1450,0.10185,0,0,0,1,39,0.26369
TRAIN_1087,Quarter1,finishing,Saturday,0.8,4.6,1190,0.04167,0,0,0,0,9,0.86889
TRAIN_1088,Quarter1,sweing,Saturday,0.8,15.26,986,0.15741,75,0,0,0,34,0.85052
TRAIN_1089,Quarter1,sweing,Saturday,0.7,26.82,1267,0.31481,70,0,0,0,58,0.85004
TRAIN_1090,Quarter1,finishing,Saturday,0.8,4.6,1190,0.23148,0,0,0,0,25,0.82544
TRAIN_1091,Quarter1,finishing,Saturday,0.35,3.94,1190,0.09259,0,0,0,0,10,0.80575
TRAIN_1092,Quarter1,sweing,Saturday,0.7,26.82,1195,0.26852,60,0,0,0,58,0.80075
TRAIN_1093,Quarter1,sweing,Saturday,0.8,29.4,983,0.26389,63,0,0,1,57,0.80058
TRAIN_1094,Quarter1,sweing,Saturday,0.8,11.41,471,0.13194,50,0,0,0,58,0.80003
TRAIN_1095,Quarter1,finishing,Saturday,0.5,2.9,1190,0.03704,0,0,0,0,8,0.7975
TRAIN_1096,Quarter1,sweing,Saturday,0.75,18.79,1226,0.13426,45,0,0,0,51,0.74999
TRAIN_1097,Quarter1,sweing,Saturday,0.7,21.82,1251,0.23148,30,0,0,0,50,0.70042
TRAIN_1098,Quarter1,finishing,Saturday,0.7,3.94,1190,0.03704,0,0,0,0,8,0.66488
TRAIN_1099,Quarter1,finishing,Saturday,0.7,3.94,1190,0.03704,0,0,0,0,8,0.66488
TRAIN_1100,Quarter1,finishing,Saturday,0.8,2.9,1190,0.03704,0,0,0,0,8,0.65708
TRAIN_1101,Quarter1,sweing,Saturday,0.65,16.1,626,0.16204,0,0,0,1,45,0.65024
TRAIN_1102,Quarter1,finishing,Saturday,0.8,4.6,1190,0.13889,0,0,0,0,15,0.59074
TRAIN_1103,Quarter1,finishing,Saturday,0.65,3.9,1190,0.07407,0,0,0,0,8,0.52812
TRAIN_1104,Quarter1,sweing,Saturday,0.5,23.41,1379,0.08796,0,0,0,1,39,0.50053
TRAIN_1105,Quarter1,sweing,Saturday,0.7,27.48,541,0.26852,24,0,0,1,58,0.40896
TRAIN_1106,Quarter2,finishing,Sunday,0.8,4.6,1190,0.05556,0,0,0,0,12,0.95194
TRAIN_1107,Quarter2,finishing,Sunday,0.8,4.6,1190,0.04167,0,0,0,0,9,0.94556
TRAIN_1108,Quarter2,finishing,Sunday,0.75,2.9,1190,0.04167,0,0,0,0,9,0.92907
TRAIN_1109,Quarter2,finishing,Sunday,0.75,3.94,1190,0.03704,0,0,0,0,8,0.8906
TRAIN_1110,Quarter2,finishing,Sunday,0.75,3.94,1190,0.03704,0,0,0,0,8,0.8906
TRAIN_1111,Quarter2,finishing,Sunday,0.7,3.9,1190,0.0463,0,0,0,0,10,0.884
TRAIN_1112,Quarter2,finishing,Sunday,0.5,3.94,1190,0.03704,0,0,0,0,8,0.85792
TRAIN_1113,Quarter2,sweing,Sunday,0.75,26.82,1082,0.26389,65,0,0,0,57,0.85008
TRAIN_1114,Quarter2,sweing,Sunday,0.75,26.82,1254,0.26852,65,0,0,0,58,0.85007
TRAIN_1115,Quarter2,sweing,Sunday,0.8,30.1,1278,0.12963,50,0,0,1,57,0.80051
TRAIN_1116,Quarter2,sweing,Sunday,0.8,15.26,1064,0.15741,63,0,0,0,34,0.8004
TRAIN_1117,Quarter2,sweing,Sunday,0.8,11.41,313,0.13194,50,0,0,0,58,0.80003
TRAIN_1118,Quarter2,finishing,Sunday,0.8,2.9,1190,0.03704,0,0,0,0,8,0.75521
TRAIN_1119,Quarter2,sweing,Sunday,0.75,18.79,1239,0.21759,45,0,0,0,52,0.75037
TRAIN_1120,Quarter2,sweing,Sunday,0.7,21.82,1335,0.23148,30,0,0,0,50,0.70042
TRAIN_1121,Quarter2,sweing,Sunday,0.7,16.1,928,0.18519,30,0,0,1,45,0.70011
TRAIN_1122,Quarter2,sweing,Sunday,0.6,23.41,1266,0.09722,23,0,0,1,38,0.60104
TRAIN_1123,Quarter2,sweing,Sunday,0.6,30.48,869,0.25926,0,0,0,1,56,0.60053
TRAIN_1124,Quarter2,sweing,Sunday,0.5,26.82,711,0.27315,23,0,0,1,59,0.50003
TRAIN_1125,Quarter2,finishing,Sunday,0.6,3.9,1190,0.03704,0,0,0,0,8,0.45094
TRAIN_1126,Quarter2,finishing,Sunday,0.7,2.9,1190,0.03704,0,0,0,0,8,0.44104
TRAIN_1127,Quarter2,finishing,Sunday,0.6,2.9,1190,0.03704,0,0,0,0,8,0.27187
TRAIN_1128,Quarter2,finishing,Monday,0.8,2.9,1190,0.0,960,0,0,0,8,0.96062
TRAIN_1129,Quarter2,finishing,Monday,0.8,4.6,1190,0.0,1080,0,0,0,9,0.90296
TRAIN_1130,Quarter2,finishing,Monday,0.6,3.94,1190,0.0,2880,0,0,0,12,0.86434
TRAIN_1131,Quarter2,sweing,Monday,0.75,26.82,1079,0.27083,65,0,0,0,58,0.85045
TRAIN_1132,Quarter2,sweing,Monday,0.75,26.82,1322,0.27546,65,0,0,0,59,0.85043
TRAIN_1133,Quarter2,finishing,Monday,0.75,2.9,1190,0.0,3600,0,0,0,15,0.841
TRAIN_1134,Quarter2,sweing,Monday,0.8,30.1,964,0.19907,50,0,0,1,58,0.80084
TRAIN_1135,Quarter2,sweing,Monday,0.8,15.26,1132,0.15741,63,0,0,0,34,0.8004
TRAIN_1136,Quarter2,sweing,Monday,0.8,11.41,357,0.13194,50,0,0,0,58,0.80003
TRAIN_1137,Quarter2,finishing,Monday,0.8,4.6,1190,0.0,1440,0,0,0,12,0.79542
TRAIN_1138,Quarter2,finishing,Monday,0.75,3.94,1190,0.0,960,0,0,0,8,0.79539
TRAIN_1139,Quarter2,finishing,Monday,0.75,3.94,1190,0.0,960,0,0,0,8,0.79457
TRAIN_1140,Quarter2,sweing,Monday,0.75,18.79,1193,0.24074,45,0,0,0,52,0.7504
TRAIN_1141,Quarter2,sweing,Monday,0.7,16.1,817,0.21296,30,0,0,1,45,0.70052
TRAIN_1142,Quarter2,sweing,Monday,0.7,21.82,1576,0.23148,30,0,0,0,50,0.70042
TRAIN_1143,Quarter2,finishing,Monday,0.7,3.9,1190,0.0,1200,0,0,0,10,0.6825
TRAIN_1144,Quarter2,sweing,Monday,0.65,23.41,1262,0.17593,35,0,0,1,38,0.65096
TRAIN_1145,Quarter2,sweing,Monday,0.65,30.48,953,0.25926,26,0,0,1,56,0.65042
TRAIN_1146,Quarter2,sweing,Monday,0.6,26.82,919,0.27315,23,0,0,1,59,0.60004
TRAIN_1147,Quarter2,sweing,Monday,0.5,30.48,1161,0.25463,0,0,0,1,55,0.50061
TRAIN_1148,Quarter2,finishing,Monday,0.7,2.9,1190,0.0,960,0,0,0,8,0.47729
TRAIN_1149,Quarter2,finishing,Monday,0.65,3.9,1190,0.0,960,0,0,0,8,0.26406
TRAIN_1150,Quarter2,finishing,Tuesday,0.8,4.6,1190,0.04167,0,0,0,0,9,0.92
TRAIN_1151,Quarter2,finishing,Tuesday,0.6,3.94,1190,0.05556,0,0,0,0,12,0.90939
TRAIN_1152,Quarter2,sweing,Tuesday,0.75,26.82,1574,0.27315,75,0,0,0,59,0.90006
TRAIN_1153,Quarter2,finishing,Tuesday,0.8,4.6,1190,0.05556,0,0,0,0,12,0.89444
TRAIN_1154,Quarter2,finishing,Tuesday,0.75,3.94,1190,0.03704,0,0,0,0,8,0.88158
TRAIN_1155,Quarter2,finishing,Tuesday,0.75,3.94,1190,0.03704,0,0,0,0,8,0.88075
TRAIN_1156,Quarter2,sweing,Tuesday,0.75,26.82,1104,0.22685,65,0,0,0,59,0.85008
TRAIN_1157,Quarter2,finishing,Tuesday,0.75,2.9,1190,0.06944,0,0,0,0,15,0.82167
TRAIN_1158,Quarter2,sweing,Tuesday,0.8,15.26,1069,0.15741,63,0,0,0,34,0.8004
TRAIN_1159,Quarter2,sweing,Tuesday,0.8,30.1,756,0.26852,63,0,0,1,58,0.80007
TRAIN_1160,Quarter2,sweing,Tuesday,0.8,11.41,338,0.13194,50,0,0,0,58,0.80003
TRAIN_1161,Quarter2,finishing,Tuesday,0.8,2.9,1190,0.03704,0,0,0,0,8,0.75823
TRAIN_1162,Quarter2,sweing,Tuesday,0.75,21.82,1499,0.23148,34,0,0,0,50,0.75061
TRAIN_1163,Quarter2,sweing,Tuesday,0.75,18.79,1247,0.24074,45,0,0,0,52,0.7504
TRAIN_1164,Quarter2,finishing,Tuesday,0.7,3.9,1190,0.03704,0,0,0,0,8,0.741
TRAIN_1165,Quarter2,sweing,Tuesday,0.7,30.48,923,0.26389,30,0,0,1,57,0.70051
TRAIN_1166,Quarter2,sweing,Tuesday,0.7,23.41,1180,0.17593,30,0,0,1,38,0.70025
TRAIN_1167,Quarter2,sweing,Tuesday,0.7,16.1,957,0.20833,40,0,0,1,45,0.70005
TRAIN_1168,Quarter2,sweing,Tuesday,0.65,26.82,1001,0.27315,26,0,0,1,59,0.65004
TRAIN_1169,Quarter2,sweing,Tuesday,0.6,30.48,1017,0.26389,25,0,0,1,57,0.6304
TRAIN_1170,Quarter2,finishing,Tuesday,0.65,3.9,1190,0.03704,0,0,0,0,8,0.56063
TRAIN_1171,Quarter2,finishing,Tuesday,0.5,3.9,1190,0.03704,0,0,0,0,8,0.56063
TRAIN_1172,Quarter2,finishing,Tuesday,0.7,2.9,1190,0.03704,0,0,0,0,8,0.39875
TRAIN_1173,Quarter2,finishing,Wednesday,0.8,4.6,1190,0.08333,0,0,0,0,9,0.92284
TRAIN_1174,Quarter2,finishing,Wednesday,0.8,2.9,1190,0.09259,0,0,0,0,10,0.87403
TRAIN_1175,Quarter2,finishing,Wednesday,0.75,3.9,1190,0.07407,0,0,0,0,8,0.81927
TRAIN_1176,Quarter2,finishing,Wednesday,0.75,3.94,1190,0.07407,0,0,0,0,8,0.81331
TRAIN_1177,Quarter2,finishing,Wednesday,0.75,3.94,1190,0.07407,0,0,0,0,8,0.81262
TRAIN_1178,Quarter2,sweing,Wednesday,0.8,15.26,470,0.15741,63,0,0,0,34,0.8004
TRAIN_1179,Quarter2,sweing,Wednesday,0.8,30.1,735,0.26852,63,0,0,1,58,0.80007
TRAIN_1180,Quarter2,sweing,Wednesday,0.8,11.41,560,0.13194,50,0,0,0,58,0.80003
TRAIN_1181,Quarter2,finishing,Wednesday,0.8,4.6,1190,0.07407,0,0,0,0,8,0.78663
TRAIN_1182,Quarter2,finishing,Wednesday,0.7,3.94,1190,0.05556,0,0,0,0,12,0.75885
TRAIN_1183,Quarter2,sweing,Wednesday,0.75,21.82,1674,0.23148,34,0,0,0,50,0.75061
TRAIN_1184,Quarter2,sweing,Wednesday,0.75,18.79,290,0.19444,45,0,0,0,52,0.75035
TRAIN_1185,Quarter2,sweing,Wednesday,0.75,16.1,971,0.20833,45,0,0,1,45,0.75014
TRAIN_1186,Quarter2,sweing,Wednesday,0.75,26.82,1322,0.27315,45,0,0,0,59,0.75005
TRAIN_1187,Quarter2,sweing,Wednesday,0.75,26.82,1054,0.27315,45,0,0,0,59,0.75005
TRAIN_1188,Quarter2,sweing,Wednesday,0.7,26.82,992,0.26852,30,0,0,1,58,0.70056
TRAIN_1189,Quarter2,sweing,Wednesday,0.7,30.48,914,0.26389,30,0,0,1,57,0.70051
TRAIN_1190,Quarter2,sweing,Wednesday,0.7,23.41,1128,0.17593,40,0,0,1,38,0.70025
TRAIN_1191,Quarter2,sweing,Wednesday,0.65,30.48,935,0.26389,26,0,0,1,57,0.6506
TRAIN_1192,Quarter2,finishing,Wednesday,0.75,2.9,1190,0.03704,0,0,0,0,8,0.62833
TRAIN_1193,Quarter2,finishing,Wednesday,0.7,3.9,1190,0.03704,0,0,0,0,8,0.62562
TRAIN_1194,Quarter2,finishing,Wednesday,0.65,3.9,1190,0.03704,0,0,0,0,8,0.62562
TRAIN_1195,Quarter2,finishing,Wednesday,0.75,2.9,1190,0.06944,0,0,0,0,15,0.50589
TRAIN_1196,Quarter2,finishing,Wednesday,0.7,2.9,1190,0.02778,0,0,0,0,6,0.39472
